chr1	7	39	24	32	133	58	81	172	153	192	31	78	81	425	4	1159	38	79	106	150	11	5	288	528	18	77	12	202	7	123	22	1038	1939	20	15	7	229	130	87	35	19	283	51	6	13	181	5	1556	348	170	120	22701	74	132	72	46	88	225	38	241	32	1028	18	21	45	84	18	16	146	51	13	7	1001	78	109	10	1083	0	34	200	439	271	208	16	317	6	24	85	382	849	633	2	8865	134	485	4	351	89	582	95	326	140	2702	15	258	42	27	192	21	70	151	65	6950	77	42	2	12	12	1085	125	18	58	22	17	44	36	970	31	72	25	3	14	887	81	16	31	62	16	303	16	105	27	83	19	63	105	89	65	56	521	12	52	190	56	29	9	86	146	62	9	7	261	52	119	222	163	25	80	4268	77	36	130	13	3	24	46	63	38	15	26	96	17	86	355	23	294	24	260	84	226	105	745	67	53	19	220	427	243	26	284	36	17	49	69	181	911	7	156	82	28	44	16	74	33	826	21	97	74	10	48	2480	100	47	71	5	97	291	224	46	10	287	1184	75	399	164	25	5	25	39	35	60	10	70	29	9	19	26	47	593	289	28	269	271	63	29	32	9	50	234	2266	44	469	209	224	63	34	223	25	565	23	35	3318	14	30	2	86	13	122	18	25	625	10	116	5	60	185	493	533	904	7	21	34	58	159	588	244	753	15	91	565	11	14	66	117	309	15	48	67	104	87	92	7	82	12	25	206	63	72	824	122	1251	69	28	56	13	179	580	66	51	120	164	22	5	31	344	17	165	35	30	149	20	82	110	5	22	53	25	29	426	85	15	145	16469	124	27	12	1368	155	13	7	48	37	16	142	78	12	110	12	55	330	27	92	482	175	201	8954	1548	347	261	79	19	255	21	12	14	688	222	14	39	138	9	13	1191	566	336	42	120	25	385	27	1806	279	128	127	1471	268	38	75	147	565	235	6	130	108	18	48	791	14	252	2835	129	5	11999	35	32	4	25	48	41	353	86	700	93	7185	23	31	179	11	37	28	299	41	41	21	21	196	760	29	461	391	48	10161	217	55	67	57	14	291	48	96	171	17	334	14	43	37	78	87	29	93	34	37	825	11	7	83	50	19	26	64	65	48	182	236	5	9986	44	14	109	117	511	49	42	31	14	101	10	119	18	542	18	135	29	59	31	427	133	36	271	40	7	625	50	35	76	1850	72	154	9	489	122	154	21	60	210	25	17	25	47	382	551	103	36	20	1637	13	61	14	54	4	342	1110	889	549	49	11	12	21	76	708	57	13	186	16	124	38	500	142	72	27	6	37	118	139	30	435	23	65	6	1915	73	341	89	731	84	903	14	79	34	140	21	172	58	221	74	8	693	17	589	59	36	49	11	129	22	358	65	67	8	29	71	61	18	686	264	65	30	643	6	3	368	202	9	75	618	224	3	51	129	24	32	358	66	4745	7	10	84	22	26	399	45	21	169	347	27	107	8	470	459	13	16	63	442	133	462	20	106	25	1294	375	72	52	186	129	54	1	505	103	479	186	657	189	215	111	82	7	115	186	13	22	63	75	27	7	58	660	290	39	264	41	11	37	9	14	340	87	115	21	12	344	410	781	24	40	54	27	316	22	26	17	232	106	330	321	36	196	75	46	250	127	71	1082	13	1833	99	12	33	87	271	22	92	19	9	9	14	8531	9	20	15	11	1362	111	98	147	5	180	791	52	10256	6	520	82	94	77	30	11	147	530	120	1614	43	4419	50	466	5	346	2919	15	14	1722	54	20	19	648	1201	123	99	5288	20	17	50	616	44	0	83	15	174	25	177	106	15	71	17	50	124	15412	252	17	117	35	5341	58	87	37	7	91	47	36	25	34	1689	9	25	39	43	13	12	14	24	75	58	7	82	231	29	15	25	264	311	86	59	610	10	71	434	189	49	76	19	178	61	332	239	476	108	6	121	831	157	126	10	678	49	1282	15	20	38	51	1564	11	70	40	54	16	209	425	150	200	1023	2549	16247	15	28	100	1173	15	325	699	336	7	4028	138	43	49	48	11	8	26	150	50	14	22	166	212	50	283	21	64	243	108	26	43	8	184	618	140	7	37	43	40	86	802	34	51	157	878	170	464	23	19	9573	749	7	72	68	130	48	30	3	11	25	37	230	24	64	428	453	10	88	15	7	23	112	493	189	31	84	1140	14	225	165	105	120	31	1226	298	439	72	136
chr2	5	39	13	31	136	79	92	148	175	188	31	58	46	379	6	1386	69	106	151	147	12	19	252	562	9	102	6	202	12	147	7	1434	1547	21	5	11	211	189	107	6	28	302	41	9	27	195	14	1784	370	206	119	16109	61	111	94	68	59	252	57	194	28	1222	24	18	54	105	13	2	217	76	15	10	819	99	94	6	1344	7	56	259	500	316	197	10	246	10	24	72	565	1044	652	6	7926	143	496	9	326	105	807	79	405	101	3249	12	204	61	32	141	25	44	204	65	5311	104	76	2	22	14	1224	133	7	61	31	13	55	60	1028	38	37	43	8	17	1021	84	36	33	47	14	313	27	92	19	47	28	34	94	24	110	45	634	24	40	219	51	28	13	96	177	66	6	7	277	61	98	257	251	30	113	3440	101	53	136	7	15	33	84	39	50	9	37	91	14	82	498	18	308	20	278	94	318	70	671	44	97	32	262	642	299	18	344	8	12	50	27	181	1090	10	98	124	36	60	14	84	38	924	24	65	77	7	20	3044	111	69	107	6	88	240	254	31	14	285	1411	112	433	222	16	6	36	17	36	58	4	39	38	11	14	22	52	707	268	28	221	262	70	54	36	4	61	266	1694	58	580	233	291	65	34	339	9	710	31	54	2562	18	25	16	121	11	220	13	25	768	18	101	8	51	221	441	696	1135	13	74	46	51	155	776	257	890	10	98	1001	13	15	42	133	388	21	67	65	127	60	74	9	80	0	26	269	87	80	879	144	1535	82	18	64	8	209	518	69	65	153	153	16	5	42	318	31	140	20	42	139	17	79	105	9	31	55	29	24	405	106	26	116	12386	192	28	21	1632	161	0	14	51	19	18	110	63	6	149	14	95	348	20	115	438	164	197	7214	1223	367	276	73	21	303	25	34	7	868	216	12	72	164	5	11	1266	659	383	35	129	15	349	31	1765	258	216	118	1842	350	31	121	101	599	333	2	148	90	36	48	1211	21	341	2406	129	6	9109	55	52	5	25	34	63	576	33	733	137	5729	33	28	206	11	41	34	356	21	36	7	36	247	784	38	501	339	48	8219	269	65	76	47	25	316	73	149	158	12	427	25	73	54	76	115	15	70	26	38	955	16	16	93	107	29	6	31	54	77	203	247	14	6941	40	28	98	159	662	16	28	43	9	127	11	85	14	516	24	120	16	97	33	470	118	34	300	45	7	785	54	27	71	2189	65	185	8	581	129	209	21	72	455	13	14	28	28	324	611	97	36	31	1326	8	86	20	70	15	354	1427	1347	545	65	8	19	14	92	823	52	11	173	18	107	29	566	156	54	20	11	26	151	162	29	267	23	61	8	2092	79	405	83	810	80	1057	15	50	27	161	19	176	57	216	83	7	658	19	759	89	30	66	9	133	28	427	89	88	7	3	63	48	10	784	269	57	35	712	10	8	381	223	21	56	701	255	4	39	106	29	25	367	93	3467	13	7	88	27	51	451	34	27	193	365	25	116	14	324	482	13	21	101	550	138	481	19	105	30	1525	441	58	121	200	144	46	8	556	91	594	194	539	251	203	110	95	9	71	204	30	26	82	61	39	14	55	741	270	75	217	25	17	54	15	15	482	139	117	28	5	349	446	742	13	78	111	26	371	23	36	22	264	66	280	359	32	264	98	47	245	222	94	1009	12	1665	88	26	5	135	311	25	94	9	9	12	11	6828	12	17	2	23	1696	97	115	170	12	213	1048	23	7942	10	454	94	107	94	44	20	216	579	107	2291	38	3868	56	456	21	328	2587	11	2	1646	36	22	10	476	1291	136	122	4425	44	26	53	666	65	6	59	13	199	13	101	106	48	58	9	37	162	10783	275	45	100	31	4343	54	61	57	5	77	56	49	17	50	1960	16	31	43	59	5	13	9	40	62	40	13	124	288	53	14	27	130	309	91	99	586	24	105	376	199	70	67	13	195	50	266	310	405	101	10	155	682	215	80	6	839	55	1622	19	21	24	60	1747	6	38	51	44	28	170	671	165	188	852	2720	12620	11	20	89	1576	12	398	738	352	9	4822	134	54	76	75	21	34	31	119	69	12	25	172	193	58	272	33	50	335	130	3	62	15	245	772	102	6	43	77	37	62	1044	40	19	160	1054	201	518	26	9	8063	579	7	85	88	143	53	35	9	13	18	58	210	23	84	476	500	12	116	25	11	28	152	571	226	33	66	825	15	267	113	117	77	28	1279	292	557	59	175
chr3	6	34	7	15	123	68	64	122	243	143	23	44	51	280	9	927	36	91	129	359	5	11	383	563	10	67	7	209	12	103	17	1469	1272	11	7	5	182	151	100	10	21	207	18	7	21	218	7	1708	344	156	88	15573	58	101	70	75	116	164	49	178	38	998	6	9	62	82	3	4	150	71	20	6	619	59	83	4	1081	4	25	198	376	215	192	13	182	9	14	60	326	936	788	5	6268	137	471	11	245	143	680	87	324	106	2538	13	156	46	23	147	3	63	120	87	4100	87	71	1	29	4	895	117	23	69	16	9	29	28	880	21	44	24	19	18	922	48	16	20	52	17	247	20	96	11	20	39	38	77	18	104	55	559	19	35	166	34	18	11	65	197	52	7	2	258	40	81	192	176	11	79	2863	55	58	116	15	7	16	54	50	46	8	23	88	3	65	294	9	248	36	230	121	238	103	891	49	47	23	239	496	170	16	252	24	2	58	13	130	902	5	98	75	26	38	10	40	14	842	10	64	64	6	31	2909	79	38	93	16	96	223	278	27	5	248	1273	82	333	162	12	11	29	7	20	52	10	35	13	15	17	29	39	483	277	26	189	218	40	45	16	7	56	240	1303	39	471	137	263	52	39	324	10	462	43	36	2117	8	39	10	92	8	111	12	7	529	13	83	13	54	158	318	515	976	3	38	34	49	122	544	223	823	9	112	805	5	8	23	87	294	7	44	49	73	44	69	3	57	14	15	219	46	59	932	128	1098	66	44	62	5	164	371	49	56	99	130	14	14	31	209	15	125	21	30	111	20	53	84	8	29	57	24	20	294	111	20	99	11787	166	22	7	1222	112	0	7	42	15	19	112	64	5	156	9	87	264	18	85	363	174	136	5778	1043	243	204	84	10	258	12	11	5	785	196	19	39	90	8	10	1088	530	344	52	110	14	289	16	1308	255	169	114	1465	345	19	104	102	484	259	10	79	77	19	38	721	23	241	1843	95	3	7289	38	32	3	20	21	46	400	67	766	81	4628	24	23	213	11	26	21	318	24	44	12	26	191	797	34	420	310	38	6366	176	41	78	42	37	280	43	203	120	4	338	8	50	47	70	95	12	60	35	25	795	17	8	105	71	16	19	21	58	40	156	233	7	6649	40	8	81	115	527	23	22	40	14	110	5	78	8	436	20	79	15	78	26	451	109	27	242	26	10	645	40	13	68	1621	57	146	5	475	124	182	26	59	303	16	22	16	10	168	550	66	30	20	1039	14	75	36	62	10	314	1200	1150	474	50	3	18	16	85	641	35	20	169	10	88	24	496	128	53	18	13	47	133	184	33	256	25	63	8	1757	62	338	54	637	56	1077	7	74	11	232	9	134	39	160	87	5	779	15	404	44	19	51	5	121	19	361	125	65	7	19	52	46	7	614	231	35	27	591	5	9	681	158	13	44	508	230	17	38	135	20	22	226	90	2983	12	10	95	17	43	294	30	15	405	278	33	50	5	273	337	6	10	70	376	99	475	7	81	22	1072	368	39	67	163	98	40	13	314	61	444	171	382	283	199	71	82	6	39	136	16	14	62	66	19	4	59	739	226	69	210	17	5	51	8	9	408	80	95	22	8	355	383	697	12	77	65	15	318	23	36	19	336	57	259	329	13	224	76	39	202	149	63	1050	5	1349	77	7	7	89	284	21	73	18	11	8	20	6369	16	12	6	30	1196	95	135	137	9	133	837	21	7232	8	421	86	73	66	21	6	108	429	144	1928	45	3118	48	433	23	319	2147	9	14	1041	34	13	15	409	1181	107	87	3374	33	23	36	450	64	4	47	7	160	16	117	93	47	56	11	19	122	9436	290	25	67	28	3638	41	74	31	5	99	64	46	22	29	1517	16	22	24	56	0	22	6	17	47	35	6	90	257	25	16	21	110	199	76	87	532	13	77	319	156	45	37	17	125	36	382	390	380	75	4	114	496	278	71	12	619	30	1154	8	19	24	46	1390	7	51	48	14	28	167	457	147	212	655	2117	12072	17	15	57	1217	12	309	677	300	9	3515	71	22	40	40	13	23	36	57	45	11	21	144	157	82	263	32	43	268	130	10	38	2	217	562	81	4	42	45	39	77	695	22	19	138	870	168	389	31	14	6308	512	19	71	67	165	63	12	4	3	21	35	215	11	56	360	537	8	117	17	8	25	102	448	179	31	31	707	23	205	104	99	98	21	1585	211	468	73	148
chr4	7	44	25	23	176	68	37	105	132	135	15	62	74	288	11	938	32	94	114	167	8	9	253	490	14	94	13	163	6	143	29	765	1022	18	1	13	165	221	56	14	24	263	49	7	37	250	16	1009	253	187	105	11843	37	91	101	63	90	204	75	103	44	1305	15	16	73	100	7	8	170	66	14	10	587	85	59	14	858	3	51	204	427	257	180	10	141	8	35	125	334	946	659	11	5577	104	488	5	205	60	500	62	403	112	1705	11	142	31	21	89	44	47	155	38	3355	70	78	13	26	10	694	92	19	59	25	6	30	53	920	26	33	16	11	23	1070	66	27	34	53	9	251	8	71	22	37	39	29	57	47	60	67	763	28	59	220	28	13	2	103	209	48	9	5	346	90	64	278	281	31	79	2186	58	29	98	7	6	11	62	47	37	6	27	113	15	57	469	15	218	21	204	67	216	102	724	62	55	30	224	366	215	15	327	24	6	61	50	116	682	3	63	74	50	26	10	56	27	911	13	93	44	0	40	1721	66	52	82	22	60	249	307	23	12	167	766	81	369	231	14	2	38	16	18	61	10	40	25	14	19	18	49	494	214	27	209	161	48	61	19	8	30	178	1089	44	407	210	274	62	28	262	30	292	41	32	1713	25	45	9	88	4	118	20	16	633	12	66	15	59	178	349	631	1119	13	90	60	46	67	411	225	897	7	55	492	19	15	28	93	372	23	37	62	92	33	73	9	56	12	25	240	70	57	552	159	1343	49	33	63	11	217	332	52	83	92	95	28	13	27	353	40	162	15	21	109	33	50	51	5	28	30	40	53	247	134	32	119	11988	188	29	18	947	120	8	6	28	7	30	64	149	12	208	21	87	257	46	73	466	117	137	4653	794	356	164	51	9	195	27	12	3	468	161	17	63	98	6	8	1040	489	358	28	98	23	276	9	1481	162	113	72	1821	345	29	67	135	577	297	0	89	67	31	60	826	31	357	1593	94	10	5739	94	29	8	33	40	41	334	40	789	89	3811	28	20	212	16	29	22	413	43	27	10	20	153	822	19	404	265	43	4946	157	57	48	42	40	296	50	108	166	28	302	19	80	24	46	125	11	56	64	23	708	16	9	118	49	34	26	30	50	40	161	278	12	5164	68	10	74	175	587	17	14	27	15	132	10	61	10	371	29	98	26	55	37	346	104	33	171	30	11	606	62	21	45	1308	71	144	19	455	67	143	15	64	218	4	24	24	30	486	603	67	18	42	817	11	90	42	42	22	225	822	769	494	33	28	23	13	78	601	32	6	206	22	76	22	413	171	47	14	6	30	112	129	46	172	20	68	9	1427	54	324	38	458	77	708	5	46	30	183	13	177	58	154	93	10	584	22	338	54	22	49	10	78	17	436	102	73	11	8	57	76	17	642	247	59	44	615	14	12	360	132	22	47	550	223	4	39	152	27	12	257	72	2336	11	12	78	30	45	242	40	13	132	257	3	88	5	237	375	19	16	52	361	118	624	32	56	31	1392	424	36	110	176	151	38	8	375	69	536	124	331	125	156	91	93	8	26	167	18	20	40	107	54	20	53	523	169	59	225	67	19	43	11	10	297	85	98	18	13	336	365	524	11	51	53	19	331	19	40	23	153	35	160	222	34	305	76	41	165	242	101	913	8	1113	93	22	7	70	325	28	107	11	6	7	14	3998	37	18	6	22	1336	123	69	117	10	175	1067	39	5112	5	311	59	55	87	22	28	142	578	110	1162	45	2605	75	457	16	359	1877	10	8	1146	23	19	8	343	992	105	79	2815	40	49	53	541	52	0	96	15	157	15	72	67	33	57	12	41	113	8156	244	34	78	33	4091	76	81	42	6	75	73	45	7	37	1039	16	16	43	37	9	31	13	7	58	63	7	91	318	62	9	24	102	159	73	165	654	24	86	288	168	64	69	18	178	54	189	165	224	122	3	73	802	122	44	19	773	34	1550	9	20	21	49	1626	14	28	55	35	16	261	310	133	183	524	1711	11337	14	27	118	895	8	275	495	417	5	3275	120	29	49	32	9	20	15	83	66	14	17	127	174	47	161	31	56	257	117	1	28	19	186	497	46	5	21	63	36	83	685	56	20	148	715	179	320	49	7	5086	437	10	58	72	101	34	13	13	5	24	43	186	23	57	286	501	3	124	17	9	30	111	306	199	68	31	530	11	213	83	96	153	31	947	199	518	83	131
chr5	8	26	11	17	154	59	62	108	201	123	25	41	36	289	7	976	27	64	91	155	13	2	252	563	9	70	11	132	3	128	12	879	1042	15	4	6	157	147	44	4	31	191	48	10	11	165	9	1441	271	123	76	12972	39	107	90	69	66	176	39	151	11	1040	16	7	60	87	6	4	154	69	6	5	620	64	71	10	949	0	35	169	405	221	156	6	180	6	21	126	314	949	534	5	5567	97	418	14	215	125	538	53	360	88	2046	6	134	35	21	108	18	62	90	56	3387	48	61	1	10	9	772	96	10	56	33	15	33	62	809	31	30	23	4	23	1005	51	24	21	38	9	200	14	60	12	25	16	36	59	36	77	38	634	26	30	182	46	7	9	42	119	26	8	4	240	73	67	209	232	27	76	2357	59	25	83	10	6	16	69	44	36	6	28	106	7	56	363	7	200	16	203	124	212	42	565	54	48	20	175	367	216	15	233	25	6	41	28	135	701	11	68	94	30	39	16	47	38	866	12	89	47	2	16	2282	72	46	81	5	59	266	238	45	3	209	1148	82	358	197	22	9	28	22	24	56	7	42	15	11	20	28	38	525	220	22	169	179	55	42	17	4	41	213	1111	43	392	105	217	57	21	207	3	431	15	41	1847	13	27	13	79	3	113	8	10	720	12	77	7	40	161	260	505	903	9	74	39	44	105	461	168	806	3	107	533	3	30	29	93	229	26	33	35	89	40	71	6	49	4	21	216	55	61	576	131	1074	43	12	56	15	169	330	41	52	67	129	25	9	33	240	21	135	27	18	113	16	82	54	11	26	44	34	20	221	80	16	110	10637	128	24	13	1117	131	1	8	30	10	20	91	87	4	157	6	75	244	25	81	384	122	136	4850	849	313	207	66	8	209	19	9	10	644	160	14	49	118	5	5	877	475	309	14	91	15	286	10	1234	190	129	103	1481	298	19	87	74	521	300	7	86	71	31	41	885	25	216	1675	65	7	6048	47	28	8	24	29	35	308	29	594	74	3767	18	13	131	4	37	25	321	17	39	3	21	153	781	35	436	248	34	5496	167	30	70	42	26	266	34	98	97	5	304	2	41	42	68	74	25	63	29	30	705	13	4	84	71	10	12	17	59	65	134	215	6	5487	60	11	69	123	516	16	30	19	12	120	5	67	16	382	21	59	16	64	28	423	106	35	181	32	11	609	37	16	46	1336	43	153	3	395	110	176	12	42	279	5	19	23	18	254	586	87	21	13	956	18	88	7	55	6	262	974	903	406	49	11	20	10	89	553	37	13	158	8	67	21	348	132	51	17	7	24	113	137	30	183	19	43	12	1440	80	282	49	457	62	789	5	54	8	158	17	140	37	160	69	4	543	17	463	58	17	28	23	91	17	367	86	62	4	10	57	49	7	688	255	45	37	635	2	5	327	153	10	33	497	139	4	33	118	24	14	200	97	2546	9	5	60	25	49	284	33	15	374	245	8	72	10	245	342	16	14	54	369	147	467	17	51	10	1218	315	33	104	159	98	41	8	360	78	455	142	362	251	155	90	68	9	33	154	16	16	59	44	22	16	34	568	213	76	164	20	9	64	21	11	330	91	63	14	11	316	400	533	9	42	42	18	305	17	36	11	301	32	208	214	27	237	82	55	163	190	77	892	12	1059	87	17	5	80	264	44	89	37	7	4	26	5152	14	29	2	15	1396	93	76	105	17	130	982	24	5440	11	374	59	67	87	19	11	129	445	100	1506	48	2673	31	450	12	295	1886	1	12	1106	31	18	11	389	947	106	55	3085	26	24	32	429	44	0	72	14	149	18	65	82	30	54	11	26	118	7546	215	22	64	26	3349	69	92	43	5	69	59	25	18	31	1013	18	17	23	50	1	14	7	16	40	47	2	55	217	28	6	17	94	183	82	65	530	5	37	216	148	49	32	13	145	32	319	340	296	80	7	87	587	282	54	13	721	36	1318	8	12	19	53	1412	10	20	44	29	21	117	336	117	197	560	1914	10345	9	18	90	1036	8	283	458	297	2	3264	99	44	55	37	14	20	24	42	66	13	26	106	123	62	233	32	53	216	99	5	26	8	195	522	55	6	50	48	54	83	772	41	23	126	835	193	305	28	8	5520	467	7	65	55	71	31	13	5	8	18	37	156	10	65	317	358	7	109	18	10	33	88	421	194	27	44	607	5	194	91	85	83	14	1484	220	455	65	89
chr6	6	51	11	31	138	62	55	133	101	116	24	53	38	267	7	801	32	65	84	112	12	6	255	491	8	76	10	151	12	112	15	909	1086	10	9	9	136	171	38	4	19	206	67	6	26	247	10	1283	221	130	71	10086	41	104	79	59	66	179	37	137	17	939	6	19	33	105	9	12	193	46	6	11	536	56	75	5	695	13	29	126	315	186	180	5	153	8	23	101	392	808	550	3	5322	115	397	7	185	63	567	68	279	104	1898	9	158	47	15	103	12	45	96	51	3520	61	50	2	8	4	733	111	12	60	30	5	40	28	770	24	39	34	4	20	877	51	17	22	41	11	244	13	61	18	14	12	52	72	31	47	41	536	29	49	153	39	23	12	53	131	33	12	7	170	65	60	218	142	21	54	2493	62	31	102	9	6	8	72	50	49	5	31	74	8	47	318	17	189	16	175	56	217	69	472	35	40	19	145	405	184	12	233	17	14	48	19	136	700	14	77	76	49	55	7	35	30	747	12	56	51	3	19	1876	73	45	50	9	60	292	206	29	11	213	849	71	302	161	15	5	17	8	32	48	6	35	17	7	15	20	32	433	188	31	163	177	39	37	15	2	37	192	1248	42	491	184	251	51	35	191	28	443	23	55	1902	16	12	11	61	10	84	9	21	562	9	83	6	40	156	270	573	779	10	81	41	45	100	408	199	680	7	43	526	7	22	40	92	253	33	33	40	52	42	56	8	44	4	25	195	81	63	572	146	1131	44	3	54	8	122	385	63	82	78	126	16	9	31	241	22	115	27	17	91	14	69	56	9	20	25	28	31	296	74	16	84	9515	133	34	15	889	94	0	8	24	11	19	81	81	4	161	9	78	227	17	77	295	134	140	4903	814	260	189	58	14	197	18	9	8	614	167	17	28	85	8	4	907	425	301	24	52	15	260	16	1492	211	148	60	1301	226	27	101	100	557	210	4	95	56	25	37	754	16	264	1697	54	7	6279	39	25	8	24	16	46	340	24	563	88	4022	22	23	139	4	26	22	289	8	30	4	11	157	652	18	326	268	36	5697	151	47	56	49	46	275	37	71	97	18	312	11	47	41	63	66	20	61	34	46	620	12	14	66	55	24	13	11	36	32	127	179	3	4670	37	12	57	120	462	15	13	27	8	94	5	60	12	374	17	56	18	80	48	322	78	31	202	23	18	573	36	13	40	1446	52	127	2	396	103	146	17	37	159	20	7	24	29	207	439	55	30	23	937	16	75	15	37	3	209	818	943	362	24	2	3	8	68	604	40	12	154	12	55	21	365	131	51	13	4	24	95	106	41	184	16	60	11	1371	50	225	45	549	56	741	4	58	22	124	14	132	39	160	81	14	520	20	276	48	21	33	15	72	21	317	79	43	12	20	44	56	8	694	192	49	15	563	5	7	274	140	19	35	467	172	3	38	111	29	16	296	59	2572	9	6	59	14	43	268	24	18	80	236	6	64	4	207	338	12	11	54	298	111	418	27	67	15	1116	258	33	69	146	85	26	16	318	57	383	128	330	117	168	98	67	11	37	163	9	3	47	55	34	11	44	501	188	58	219	18	5	47	6	6	309	69	78	12	12	263	298	562	6	50	36	27	250	28	35	17	122	54	198	284	10	225	67	40	119	131	56	762	11	1182	44	28	6	108	263	21	65	6	3	6	12	4304	8	26	6	20	962	99	85	103	5	162	750	14	4962	6	306	76	83	58	17	5	119	385	97	1503	28	2580	47	418	6	256	2024	5	16	1053	29	16	11	395	764	94	75	3225	16	24	25	508	56	1	57	22	146	12	94	51	34	46	12	15	110	7636	187	15	109	38	3549	36	37	42	6	73	36	48	10	29	991	11	19	14	36	0	11	14	18	50	38	4	84	194	39	12	20	105	192	59	89	491	19	73	298	157	35	41	16	145	56	169	164	272	99	6	91	523	99	44	12	696	32	1107	15	12	15	63	1234	8	34	46	23	10	150	390	121	174	609	1765	8904	11	26	105	1028	13	267	454	262	8	3180	92	26	31	19	13	18	20	37	48	6	13	150	155	37	193	19	36	243	88	7	31	11	148	490	72	2	11	47	25	28	764	34	15	136	712	163	340	28	8	5523	425	6	75	87	115	28	25	11	5	18	49	143	13	55	319	391	8	103	14	7	21	96	396	177	48	50	501	11	187	90	94	119	17	696	224	366	45	101
chr7	6	40	9	10	82	38	45	108	91	156	20	36	38	213	8	815	55	106	80	102	12	11	173	419	7	67	4	146	10	94	7	806	1122	10	3	4	132	122	67	8	14	153	24	6	20	133	7	1048	253	93	67	9170	35	70	80	46	52	252	35	131	30	996	7	17	38	77	3	9	146	39	15	6	586	51	55	8	876	1	29	144	252	163	147	5	155	6	34	144	468	674	482	2	5857	94	326	4	294	43	539	70	296	78	1820	13	112	44	15	87	12	37	89	60	5236	44	53	20	8	10	598	90	10	60	20	7	11	24	687	28	31	29	11	6	689	39	21	36	57	7	189	20	66	12	42	22	25	56	37	44	38	424	32	11	130	43	14	5	63	88	22	4	5	214	48	103	167	110	15	62	2762	52	26	73	8	8	15	61	31	31	10	20	62	12	30	379	11	168	26	162	64	220	76	403	32	48	34	209	370	148	14	198	13	24	42	23	122	723	2	60	57	29	38	9	47	29	567	15	89	45	5	25	1912	50	45	49	2	53	238	171	31	7	146	887	58	307	109	9	5	25	10	43	32	2	30	26	6	15	21	20	427	192	17	163	201	38	49	15	1	37	160	1367	48	505	140	189	27	29	177	13	332	35	17	2127	33	28	5	58	8	57	9	11	520	8	61	16	36	124	374	412	697	6	63	28	40	110	472	159	568	10	42	735	11	13	31	120	246	7	47	40	55	47	52	4	70	4	20	156	59	32	572	73	930	49	23	51	2	143	345	56	45	93	106	15	7	23	176	13	92	25	19	102	13	52	92	9	13	28	20	24	254	77	18	94	7890	123	28	5	1224	118	42	16	69	14	18	62	65	9	114	10	44	223	26	64	415	114	106	6198	926	292	203	121	8	153	26	12	14	593	120	11	29	62	6	2	750	484	276	24	57	12	283	8	1358	178	82	78	1268	217	14	52	71	517	189	8	72	80	8	52	705	30	198	1842	111	4	6710	25	21	11	11	21	27	278	47	494	87	6325	17	22	116	3	24	19	190	9	25	16	17	111	516	27	289	261	37	7163	138	41	48	43	42	181	39	63	123	39	253	11	46	82	52	73	28	65	28	14	534	15	8	55	41	9	7	20	34	28	128	157	2	3994	29	14	83	96	492	44	12	30	17	87	5	70	8	379	27	72	4	70	9	269	92	12	158	34	7	447	31	13	29	1337	37	137	9	314	88	116	11	47	260	13	16	17	18	167	452	58	23	10	1107	25	45	11	43	3	231	704	880	294	30	2	7	12	50	475	30	5	114	17	78	14	331	94	34	21	14	10	69	138	21	161	23	53	8	1448	44	237	91	492	60	639	14	47	18	106	5	117	40	137	82	7	380	15	459	52	24	37	5	88	19	243	69	60	4	6	65	35	13	639	163	48	24	504	9	7	234	108	8	39	500	188	8	29	91	14	20	257	46	2630	9	12	69	14	39	304	32	9	101	202	10	97	14	214	294	10	22	46	341	81	402	10	54	26	1058	231	32	89	133	74	20	7	295	52	297	131	388	124	141	90	58	8	23	97	16	19	62	51	29	8	37	463	166	38	133	45	11	32	9	4	310	83	43	16	6	214	294	505	15	39	94	20	208	17	31	11	110	55	176	223	10	180	57	42	158	129	48	697	5	1233	70	12	9	79	165	22	63	7	21	13	25	3839	9	29	4	21	1005	79	74	78	10	155	751	29	4282	10	273	54	50	54	29	13	110	450	90	1446	35	2331	40	313	25	264	1934	4	6	1055	26	10	12	456	900	76	52	3555	21	29	59	587	35	11	26	12	136	11	68	69	13	56	14	18	85	6435	162	17	72	18	3173	57	43	31	7	35	42	26	6	18	1186	18	9	27	42	0	8	8	26	47	45	6	86	157	32	8	11	72	174	64	49	358	16	54	319	138	29	56	12	142	32	180	141	195	93	11	71	466	75	38	12	500	37	1035	15	20	36	54	1037	13	31	45	22	19	118	413	94	116	515	1719	7668	10	24	79	968	15	246	487	222	5	3245	103	56	25	45	11	14	10	58	44	12	18	89	191	38	158	30	72	141	59	7	71	16	165	533	109	2	23	38	16	81	800	23	16	153	592	139	264	21	8	7382	473	10	36	54	107	35	71	4	1	11	17	138	4	52	224	284	13	80	10	10	27	60	398	172	18	38	518	0	155	122	75	110	18	580	185	338	46	118
chr8	3	26	34	7	107	44	44	98	124	134	14	44	51	231	11	711	23	69	70	139	9	1	162	333	4	49	10	105	7	76	10	657	857	5	2	7	118	152	44	2	13	134	13	19	24	139	6	915	223	127	72	11406	34	65	77	44	55	183	46	101	43	809	16	21	29	63	3	5	148	28	12	2	410	60	61	2	815	19	14	112	314	177	142	5	125	2	25	64	377	682	336	3	4370	83	355	6	190	57	359	51	287	78	1458	6	152	49	13	67	16	34	92	26	3358	39	38	0	18	4	605	81	13	54	17	3	31	25	590	21	26	20	10	17	638	52	12	32	36	7	158	15	63	22	29	20	26	31	23	59	45	427	19	32	135	14	14	8	72	92	28	9	11	232	61	90	210	121	30	56	2042	41	14	59	4	1	22	59	18	37	7	16	68	11	27	298	9	173	5	149	64	161	42	518	40	61	25	144	389	152	9	229	10	13	28	24	103	547	2	61	47	28	25	6	60	21	634	13	53	36	0	21	1517	51	34	52	5	63	167	189	25	8	173	592	47	240	121	18	6	25	9	20	23	8	40	14	23	10	19	37	354	168	22	148	152	39	33	18	2	42	170	1007	29	343	148	184	49	31	176	12	329	32	17	1470	13	43	6	59	12	71	20	16	518	9	57	2	27	114	300	469	755	3	70	36	46	94	414	160	596	5	55	630	7	19	20	81	241	15	40	33	73	39	55	0	42	1	15	148	63	43	461	96	1027	40	19	40	7	164	246	50	55	106	113	32	8	21	197	10	82	18	9	71	14	52	87	6	9	39	25	15	185	89	17	80	8523	159	23	6	980	85	0	11	65	7	12	45	82	12	116	12	67	158	29	63	336	95	89	4478	885	310	172	76	28	179	8	7	4	466	123	13	35	79	9	4	769	416	230	12	63	7	190	19	1207	141	87	57	1240	238	29	52	101	502	197	2	59	45	26	34	654	11	175	1306	62	1	5356	26	28	6	12	13	33	246	36	494	85	3720	14	16	116	9	21	19	201	31	38	9	14	96	568	23	311	182	36	4796	109	52	43	36	45	216	43	80	99	29	255	14	46	27	47	64	28	43	35	23	569	15	3	66	53	9	28	17	29	29	124	153	4	4775	39	14	55	104	472	5	11	23	16	89	3	44	9	276	11	52	14	58	25	282	60	27	150	55	9	491	33	21	28	1111	42	139	2	287	87	107	7	95	216	5	4	16	27	264	366	97	25	16	728	10	55	5	35	16	208	613	626	377	25	5	2	9	50	436	34	15	82	9	52	19	309	118	26	12	15	13	72	79	32	131	11	38	13	1126	63	232	81	373	49	590	3	51	27	141	13	133	23	140	73	8	340	10	487	55	28	38	7	81	17	268	56	66	2	11	42	62	8	615	172	52	26	454	8	4	266	90	22	30	458	144	7	19	71	12	15	216	43	1921	8	6	49	18	39	253	39	27	111	205	12	70	8	175	239	12	10	52	365	125	405	6	38	23	1011	292	29	70	112	93	42	3	295	74	379	107	300	137	135	86	51	5	22	117	7	13	31	68	16	11	36	415	121	26	116	12	12	30	11	4	255	49	51	14	12	224	267	395	10	46	32	30	213	11	29	13	118	42	127	173	18	152	62	28	115	110	52	729	4	842	84	13	8	42	155	39	70	11	2	8	20	4088	11	10	3	7	1014	89	69	107	9	123	712	12	5214	4	231	68	48	46	35	4	91	327	98	1180	24	2262	34	266	28	222	1501	7	7	949	26	8	13	336	668	84	106	2509	14	19	30	391	39	0	46	14	126	10	93	56	16	43	6	26	99	7512	199	14	56	22	2932	41	60	32	2	58	52	22	8	36	1037	11	21	25	25	0	55	8	16	60	29	10	70	182	40	10	11	67	136	60	68	405	16	37	215	125	26	30	9	121	50	195	137	216	83	4	71	512	105	49	8	543	30	962	19	13	18	44	1114	5	33	23	33	15	72	385	80	143	501	1393	8667	7	19	65	655	8	216	404	232	9	2601	83	30	37	47	8	19	17	98	46	4	12	118	118	32	135	15	64	122	62	6	27	15	116	440	38	3	19	53	28	65	585	34	18	75	541	136	286	29	15	4943	316	18	63	60	80	31	26	6	4	17	34	137	19	44	218	244	4	61	8	8	10	64	324	150	12	28	513	6	199	61	77	63	27	813	185	392	62	94
chr9	0	28	2	23	72	35	38	75	95	108	16	41	17	200	3	671	53	47	66	68	0	4	135	284	2	71	5	110	9	74	2	712	807	16	4	8	114	79	72	10	16	116	27	11	21	93	2	973	139	87	59	11198	38	50	56	32	34	88	28	119	10	730	2	8	41	50	1	4	66	31	7	7	435	39	46	0	817	0	15	128	217	133	90	6	164	1	20	63	350	475	296	1	4855	90	288	16	181	67	426	55	192	64	1736	19	121	29	11	101	14	21	82	34	2726	52	20	6	8	1	567	81	2	43	15	1	60	27	518	15	23	7	2	16	520	46	12	25	29	4	133	7	49	13	32	8	21	76	6	37	34	307	13	13	106	29	17	5	44	73	21	4	2	167	51	60	169	257	9	44	1885	51	18	54	5	11	7	29	26	19	7	18	41	10	34	250	0	139	29	123	46	136	24	435	16	16	24	176	301	134	13	155	6	7	42	29	105	528	4	44	56	16	17	8	54	6	450	4	66	44	1	16	1539	51	32	35	1	47	123	115	20	10	140	825	40	230	69	6	10	26	6	15	42	3	28	25	2	7	30	38	353	140	13	103	138	35	36	13	18	38	113	960	24	366	53	138	44	18	161	4	207	6	14	1526	9	14	5	66	8	59	3	4	351	13	46	6	22	75	241	272	576	4	68	53	31	65	486	121	496	4	52	507	23	7	22	78	200	6	31	45	47	18	52	3	44	10	11	136	59	41	446	74	691	46	6	27	7	64	142	28	45	80	49	15	5	15	126	18	79	9	29	99	12	40	45	2	10	28	14	13	166	46	15	59	6367	122	21	10	1011	77	0	10	21	4	18	50	46	1	50	17	33	167	14	50	298	97	76	4155	892	229	152	44	8	102	11	9	7	397	123	5	29	92	9	7	593	391	164	20	62	9	227	15	955	122	88	55	897	147	16	42	35	341	151	3	73	42	12	25	478	14	145	1334	76	8	5228	26	47	2	5	8	26	235	28	472	63	3137	14	23	98	15	18	14	184	5	12	7	8	127	447	26	225	176	17	4972	145	29	32	23	22	146	31	74	67	7	166	4	57	31	26	63	3	42	17	23	537	4	1	42	26	21	7	19	15	18	118	102	4	4470	12	4	50	63	295	3	18	21	12	55	2	44	7	286	22	57	5	41	17	196	52	37	144	16	6	398	8	10	28	1016	53	98	2	225	47	89	6	35	195	7	9	17	15	165	317	20	17	11	758	3	44	10	30	1	157	624	730	281	40	7	6	15	35	372	12	0	78	3	67	19	291	75	83	18	10	17	73	86	16	89	15	57	6	1022	39	203	52	403	30	528	5	71	7	108	2	95	14	92	34	8	370	8	509	22	12	28	3	81	10	209	51	46	5	5	25	30	7	442	123	21	10	368	9	2	264	96	6	23	313	135	6	17	54	13	13	214	49	2103	25	3	31	10	21	232	12	5	149	196	10	60	15	162	202	14	12	63	282	42	261	4	68	30	725	205	18	54	69	61	27	2	202	43	286	117	330	119	88	71	31	8	30	85	18	11	38	33	22	4	26	435	107	23	126	12	4	19	6	2	299	73	71	9	5	188	204	414	8	40	76	6	173	20	16	16	163	13	140	161	9	142	50	24	70	224	36	554	7	933	40	5	4	50	168	5	35	2	2	4	11	4408	7	16	5	7	917	80	60	110	2	95	410	10	4734	7	227	48	29	54	13	5	74	380	72	1083	21	2112	26	200	10	146	1621	4	1	863	25	12	8	258	596	57	84	2668	14	7	22	383	27	1	59	4	117	6	79	57	14	38	7	10	91	5931	149	19	46	9	2154	33	24	29	1	62	26	15	4	14	1037	7	12	25	26	8	7	0	20	20	15	0	58	126	17	15	6	49	100	41	49	330	19	23	146	110	30	24	14	69	39	249	159	259	72	3	56	279	130	24	5	337	33	979	16	16	13	24	742	8	22	24	11	23	111	358	81	110	392	1321	7151	7	5	22	776	6	157	485	190	1	2489	31	42	34	34	9	11	23	28	29	6	16	96	121	29	133	14	37	127	69	0	17	13	119	432	41	8	17	23	7	47	491	36	22	80	421	76	234	15	0	4794	377	2	60	39	42	19	15	3	6	7	25	95	10	38	158	242	8	59	7	3	16	59	294	129	36	18	631	5	107	64	76	78	6	634	117	278	42	103
chr10	1	28	7	9	67	44	47	67	122	108	13	28	48	188	1	705	36	55	66	94	4	6	165	272	9	44	17	152	8	100	6	713	954	7	2	2	120	122	42	3	3	194	20	5	21	105	0	1009	248	106	57	10167	38	40	46	36	31	186	50	122	19	654	14	22	28	45	10	6	116	30	8	4	523	39	61	2	878	3	10	123	220	137	119	9	131	11	17	44	194	498	319	1	4694	85	306	3	213	75	392	63	186	46	1701	7	113	22	19	70	9	33	100	47	3963	30	30	3	11	15	615	84	13	39	8	7	27	15	532	16	19	17	9	13	468	37	12	20	44	6	148	11	42	12	34	14	34	59	31	62	29	322	19	6	122	24	11	7	66	84	32	2	10	157	38	64	154	94	16	52	2350	37	24	65	6	4	4	42	15	32	13	15	51	4	42	274	5	203	6	177	55	165	32	369	33	48	10	220	381	144	4	145	14	15	37	25	107	539	6	50	52	11	27	7	46	14	440	14	47	35	1	25	1674	41	37	40	6	62	161	135	9	2	178	848	58	150	89	8	5	20	12	36	39	2	16	22	7	7	26	33	398	161	15	113	145	33	17	6	5	48	136	1106	35	324	109	169	26	21	144	3	291	13	22	1643	6	16	7	38	13	60	3	23	419	6	41	7	28	103	196	301	529	4	44	4	41	89	481	147	456	0	64	505	3	13	29	77	194	7	33	32	68	47	26	3	48	10	16	125	75	35	464	36	775	34	18	35	3	127	235	39	46	72	114	1	3	12	108	13	61	9	17	91	11	46	55	6	10	42	11	33	181	39	8	46	6645	88	21	9	966	84	3	11	56	2	18	64	39	0	69	16	33	155	7	44	293	103	98	5044	845	208	158	77	12	163	14	5	4	584	107	16	45	104	6	3	604	413	197	9	59	6	193	13	897	130	103	68	1049	175	21	56	60	330	144	2	41	56	19	41	631	13	152	1465	81	3	5903	73	11	6	6	3	35	240	27	406	54	4464	17	19	81	6	22	23	140	20	30	6	10	102	449	17	253	205	29	5531	98	33	32	38	10	159	30	60	95	24	213	8	37	24	40	60	14	43	19	28	451	6	6	54	75	10	4	19	33	19	98	118	2	4155	33	4	47	62	342	19	22	12	8	84	4	44	7	328	9	45	7	51	14	216	65	36	128	29	4	375	27	19	28	1033	38	90	20	281	75	98	5	39	208	14	11	9	27	121	382	34	16	13	889	9	42	8	28	5	157	651	779	318	29	1	2	15	45	425	33	8	91	11	58	13	302	65	40	19	11	13	70	81	25	149	13	45	5	1190	33	213	54	482	60	600	9	25	6	132	8	79	25	106	57	6	256	11	414	62	22	30	6	83	12	258	51	46	1	1	52	49	4	432	131	59	21	374	4	6	244	100	10	47	435	133	1	34	55	27	13	174	70	2198	18	9	57	7	27	244	29	19	158	215	5	68	10	210	260	8	9	39	366	65	367	6	64	18	771	181	46	39	129	65	37	17	329	70	287	122	288	158	109	83	35	6	24	107	26	11	38	44	17	3	43	460	159	31	116	11	14	25	6	3	276	72	56	7	3	209	239	398	8	56	45	18	162	6	21	16	171	22	157	156	12	117	46	7	124	45	44	624	1	978	34	4	5	67	135	23	52	3	12	12	13	4130	7	20	4	12	875	79	64	84	8	125	470	16	4515	9	285	44	40	50	24	15	80	402	73	1273	22	2065	30	213	6	222	1621	6	11	861	22	9	7	360	791	54	74	2871	22	15	33	383	30	0	21	13	105	13	68	57	13	47	5	19	89	5534	177	8	50	22	2242	30	27	27	23	57	21	29	18	21	1020	6	11	22	20	0	11	16	22	34	41	2	74	122	19	15	10	57	141	39	45	317	9	41	196	117	23	26	3	104	29	227	193	250	83	10	76	259	140	28	14	335	20	848	14	21	15	33	897	5	30	24	23	23	102	305	89	106	421	1642	7714	4	16	43	776	11	156	466	200	8	2587	61	23	46	36	8	16	10	54	38	5	18	105	133	37	170	22	49	148	38	6	32	12	112	413	54	7	25	28	21	60	585	11	11	103	521	90	278	16	3	5466	403	2	54	44	79	22	31	3	3	5	16	147	4	38	234	195	6	55	9	10	18	76	338	125	10	24	521	16	171	74	70	37	16	751	172	308	40	81
chr11	8	22	30	3	62	33	36	123	86	104	20	45	46	243	8	548	9	51	75	130	3	3	126	303	3	67	5	95	11	58	5	655	924	6	8	6	110	96	70	2	2	125	33	3	12	120	3	853	179	101	39	14395	46	45	36	22	57	121	21	126	10	760	6	17	21	41	3	7	42	56	9	4	455	55	44	3	750	0	14	108	241	153	105	4	192	2	30	57	173	544	413	7	4372	67	270	2	193	71	293	51	257	77	1440	13	114	32	7	106	4	33	88	27	3086	36	37	2	4	11	563	76	4	39	29	14	15	24	497	22	35	10	9	14	599	53	16	14	32	3	127	12	81	15	16	12	30	41	20	53	37	430	10	32	124	45	18	5	43	93	28	5	1	163	64	61	113	128	8	48	2017	43	37	69	10	6	13	29	20	25	8	14	43	2	54	273	7	130	30	125	51	109	38	452	55	28	16	124	327	142	2	125	10	15	27	9	83	451	2	83	57	16	23	12	38	24	656	12	47	42	5	25	1440	33	29	37	11	45	118	182	23	26	167	620	58	221	100	4	19	18	10	17	33	3	42	17	9	9	16	43	368	156	19	121	154	29	14	17	1	30	141	1010	23	211	131	110	35	8	138	23	359	7	17	1501	22	25	6	41	9	75	9	10	347	9	54	2	24	102	268	358	674	5	41	33	25	88	400	142	555	7	53	325	7	9	21	54	185	9	17	35	80	25	34	2	54	0	16	189	58	26	434	60	748	40	8	34	4	94	226	31	40	57	99	9	5	14	174	8	71	18	37	69	6	34	67	3	11	36	19	39	191	30	21	68	8871	78	20	8	866	86	1	3	36	9	11	83	38	11	47	19	37	172	14	36	240	65	80	4259	728	222	130	36	8	118	12	6	2	415	89	16	19	70	4	5	638	374	160	45	63	9	206	7	996	149	95	92	909	176	31	51	51	374	174	2	53	54	23	40	591	19	172	1289	60	5	5380	21	10	8	17	13	22	206	16	449	57	3326	10	23	121	11	21	19	190	45	25	15	7	102	512	22	269	205	21	4680	154	23	37	28	26	221	36	57	93	21	199	11	27	13	31	55	13	51	20	17	471	15	2	53	37	16	21	13	24	33	115	121	3	5691	9	7	39	94	350	14	20	14	27	67	3	69	5	250	18	50	11	36	16	238	70	25	156	22	0	455	15	20	21	1068	28	97	17	336	59	104	20	32	170	11	6	6	21	211	356	13	22	8	739	14	40	9	25	24	204	644	577	315	40	1	26	6	47	433	30	5	84	10	57	16	257	57	30	17	8	35	52	84	22	212	19	42	11	1068	38	193	29	453	34	555	9	45	16	80	10	73	12	89	53	1	427	10	339	37	25	31	0	80	29	293	28	36	4	12	47	49	6	492	145	22	23	421	10	3	223	124	9	30	391	167	9	16	65	17	11	183	33	2104	3	5	35	11	29	214	16	5	123	169	24	63	7	183	242	16	6	54	206	86	311	16	54	19	808	224	32	42	128	55	25	9	256	52	293	104	274	122	124	63	36	0	58	85	3	9	39	42	14	9	15	417	126	27	116	16	5	25	4	4	190	50	41	14	3	178	237	370	9	34	15	16	189	17	25	11	107	37	164	170	8	132	48	22	130	82	32	543	4	927	43	12	4	28	158	18	64	19	7	4	11	5087	8	26	6	17	830	46	39	92	5	107	509	37	6367	0	313	37	38	37	17	16	101	255	65	1069	24	2602	30	300	13	176	1471	6	7	948	20	19	8	257	716	59	66	2499	7	16	27	297	30	6	29	6	82	20	109	55	13	29	5	27	75	8601	187	15	46	18	2647	47	33	33	4	31	32	23	7	14	1049	7	11	27	35	4	25	5	17	54	45	2	89	158	33	5	21	88	165	46	72	311	13	36	159	101	27	53	10	76	35	243	118	268	69	10	82	394	101	47	10	375	33	816	13	69	4	32	907	6	34	19	41	20	116	234	102	130	536	1322	9441	1	17	47	659	8	216	388	171	1	2331	73	17	31	21	8	7	17	59	33	11	11	54	118	20	159	20	35	165	71	6	20	7	114	352	56	8	32	38	42	75	476	22	18	90	487	118	237	12	8	4725	325	8	48	36	61	20	14	5	6	7	18	100	12	43	217	307	4	71	11	4	24	53	256	132	31	25	679	12	145	71	44	82	28	723	162	319	45	69
chr12	2	37	15	2	83	39	39	80	162	136	20	36	39	220	7	520	18	33	75	119	7	13	150	327	6	45	6	92	5	59	9	659	1020	11	4	8	116	97	34	3	8	144	16	6	14	133	0	1041	198	100	59	10849	43	68	39	30	50	156	37	122	14	738	3	14	38	44	5	4	122	29	6	4	486	43	53	4	691	3	10	162	303	160	134	3	146	3	19	80	226	574	354	4	5067	90	325	5	215	88	363	60	210	81	1586	15	152	44	12	76	17	26	80	37	4182	38	48	1	8	3	497	93	10	32	11	2	32	10	517	21	28	21	6	16	596	33	12	16	36	9	178	22	66	16	28	9	11	49	13	57	37	371	13	13	135	44	13	9	38	67	21	7	2	199	35	51	177	99	20	54	2597	42	16	66	5	9	9	47	29	39	4	18	48	9	57	311	5	125	4	134	98	136	47	539	25	28	7	154	215	177	2	139	11	6	22	12	106	513	3	50	59	13	22	3	36	15	522	9	49	52	2	35	1595	34	28	50	5	49	188	177	19	5	189	857	55	199	119	8	4	18	20	22	36	2	40	19	5	10	11	30	410	144	19	112	145	32	19	9	6	35	143	1295	34	281	104	146	36	15	151	0	315	25	26	1784	7	24	5	46	8	53	9	13	361	12	47	16	36	121	201	356	558	6	54	19	29	105	313	151	527	5	93	320	6	5	17	76	197	9	26	34	45	28	38	2	46	13	19	122	44	49	568	93	747	49	24	31	9	115	281	49	52	58	103	20	8	27	172	17	101	11	21	106	22	35	52	4	12	39	14	31	223	62	10	62	9716	72	17	6	788	96	1	1	35	12	11	73	51	4	91	12	47	187	10	71	296	91	90	5400	772	241	206	42	10	159	15	5	9	402	131	7	42	67	8	2	899	288	173	32	82	17	213	10	891	158	94	65	1038	173	22	72	68	327	160	5	51	74	8	33	501	17	179	1537	53	9	6835	27	11	9	13	5	26	155	29	417	45	4451	24	26	102	4	34	23	181	12	26	15	11	130	519	18	298	220	32	5858	109	32	45	30	26	206	31	65	99	6	189	7	28	27	41	69	17	60	19	32	544	12	3	68	39	14	10	6	47	21	94	112	4	4806	20	6	52	72	377	3	31	15	8	69	4	46	9	336	13	51	13	58	36	298	83	22	145	41	3	438	21	13	33	927	18	96	6	304	78	82	16	20	116	20	5	16	16	238	380	39	24	19	859	10	52	17	39	4	231	793	704	387	41	2	6	13	62	429	25	9	139	9	62	12	349	71	33	11	8	21	82	110	26	192	14	38	12	1063	35	244	38	410	40	664	3	27	25	89	18	105	35	124	55	2	339	6	529	45	18	24	4	99	11	229	66	50	4	8	45	31	6	508	133	31	15	357	14	0	221	101	16	34	324	165	3	17	59	12	19	199	47	2582	7	3	41	14	20	185	17	9	278	184	15	38	11	205	268	11	18	23	290	119	328	3	42	18	977	243	35	69	75	86	22	6	283	60	286	117	338	222	140	73	48	6	13	83	15	11	40	44	16	7	19	426	139	46	134	23	7	57	19	5	245	65	58	12	6	183	267	486	8	41	21	15	201	26	25	18	249	26	186	215	5	124	53	39	97	84	53	534	4	1009	47	4	10	73	163	19	94	14	8	5	7	3554	8	19	3	10	1023	60	58	105	7	104	569	10	4707	4	315	51	39	49	21	21	72	327	106	1097	22	2125	25	260	18	227	1644	7	5	719	39	8	12	390	625	83	54	2854	18	10	21	379	33	8	29	10	97	11	75	67	30	35	7	27	101	6996	151	12	80	12	2649	30	25	34	0	50	33	17	22	14	979	18	17	10	15	0	13	9	10	28	27	2	49	157	27	6	15	89	185	45	43	326	14	55	236	103	21	44	15	91	42	219	241	276	62	6	105	340	210	60	10	459	11	801	16	15	26	31	855	3	24	24	23	11	138	202	105	144	580	1482	9615	14	23	60	794	7	185	352	181	6	2280	87	20	35	38	10	21	16	66	41	12	12	78	133	50	147	22	40	178	73	0	23	10	125	323	51	7	48	42	19	53	461	17	11	73	673	105	262	17	8	5694	412	6	31	59	70	30	26	5	10	14	37	151	15	34	216	286	4	64	8	4	24	90	257	121	19	12	511	6	123	85	83	55	22	1220	150	314	56	89
chr13	5	18	1	13	63	29	23	65	45	82	24	51	24	175	0	665	18	28	53	79	11	6	96	233	8	33	14	87	4	82	23	475	509	7	5	8	89	98	36	3	13	119	13	7	20	108	0	546	164	84	58	5352	19	55	69	34	26	99	23	61	4	627	5	3	24	46	2	3	113	36	3	7	273	38	43	3	482	0	25	84	208	88	126	8	54	4	24	138	176	463	284	1	3044	60	267	3	113	20	357	37	158	63	824	4	58	23	11	44	3	44	50	19	1829	37	32	1	12	3	465	61	1	17	31	7	26	17	405	15	11	22	0	9	448	20	7	18	19	2	122	7	42	5	26	16	23	27	6	28	23	274	8	25	92	31	6	3	57	47	28	5	13	163	29	49	132	174	14	35	1068	28	13	40	2	6	2	33	27	20	4	10	68	12	21	289	9	105	6	101	34	148	46	256	29	40	23	79	202	132	11	140	9	9	25	11	71	412	7	34	29	27	33	12	48	12	355	10	41	28	5	8	941	42	40	36	9	33	126	144	15	6	78	413	56	172	76	3	0	10	9	11	27	6	29	11	5	7	11	17	259	90	13	109	97	27	38	17	6	22	84	509	21	226	92	107	43	12	105	3	188	25	9	910	10	24	10	34	7	61	5	13	338	8	44	6	15	82	167	294	595	7	110	20	23	58	299	144	387	3	15	305	1	18	20	48	153	12	15	16	40	17	40	4	24	3	8	93	30	29	298	81	616	14	9	37	12	80	168	37	36	52	53	10	12	18	140	3	64	18	14	37	13	22	33	2	10	14	13	15	132	33	19	49	5173	82	7	7	629	58	0	3	21	12	22	31	84	0	142	8	33	163	18	54	191	52	96	2501	607	186	101	20	1	79	10	9	3	340	78	6	30	65	3	8	479	266	163	12	47	10	138	8	794	79	67	29	926	125	16	35	63	285	161	2	33	24	11	27	491	20	169	807	46	4	2893	39	23	4	7	23	22	180	17	431	59	1962	8	8	77	4	9	21	163	22	21	3	7	92	315	30	266	131	22	2699	77	26	31	19	21	145	28	44	72	5	152	9	29	19	25	89	7	27	14	22	346	9	3	52	28	13	2	9	20	18	106	104	5	2576	14	12	35	76	275	4	10	13	7	52	6	31	5	175	6	43	11	39	14	181	48	16	100	17	10	233	45	12	20	858	26	96	12	219	40	66	18	41	147	17	9	13	13	147	314	41	18	13	517	8	53	22	14	7	115	451	525	194	17	8	1	8	35	324	11	2	69	6	39	10	178	71	26	1	8	20	49	49	23	99	4	30	10	742	37	152	27	214	30	353	10	28	7	44	11	86	28	109	36	6	342	25	240	36	8	18	9	45	17	224	38	41	7	0	24	22	5	569	99	32	15	318	1	4	108	57	9	35	380	103	1	17	41	23	6	136	38	1202	10	6	46	6	26	146	19	18	39	142	4	59	9	113	198	7	5	32	247	64	297	8	32	7	766	180	25	59	72	57	14	6	201	35	270	72	193	65	90	69	44	11	31	66	11	14	17	38	30	11	17	221	75	49	111	9	4	23	11	7	193	37	44	7	4	139	200	246	8	27	45	4	165	21	23	11	58	24	77	140	12	131	47	25	63	115	58	483	11	553	39	12	2	38	175	7	53	6	1	14	13	1756	20	9	0	12	723	59	43	41	7	71	508	11	2354	3	128	32	44	24	19	8	77	243	61	661	20	1400	19	181	29	173	965	5	7	678	11	9	7	186	568	66	29	1571	13	11	37	392	21	0	42	4	86	4	33	22	29	23	7	9	60	4039	127	16	27	18	2272	31	31	35	3	37	16	17	2	16	646	17	10	34	20	1	3	5	7	39	20	3	53	136	17	7	12	59	125	53	82	254	18	21	162	92	19	32	4	100	28	76	53	114	42	2	42	384	49	20	7	409	17	828	4	3	18	40	819	3	14	27	24	7	80	260	51	82	314	1019	4489	6	8	53	579	4	166	216	156	7	1814	122	26	16	25	7	6	6	90	54	14	9	84	59	30	104	8	37	146	59	6	25	7	97	265	28	2	6	28	18	26	474	28	3	49	303	111	182	29	5	2714	218	4	29	35	43	15	20	3	4	23	23	90	7	33	148	167	3	60	8	3	12	47	185	113	22	19	229	13	112	54	41	37	7	282	111	232	28	84
chr14	5	18	2	5	47	30	17	57	67	104	3	13	9	180	7	484	21	44	54	81	4	5	107	200	5	44	1	77	2	51	13	480	678	9	7	2	55	78	32	4	11	100	17	8	16	75	6	702	131	74	43	6490	31	61	29	25	34	78	17	97	29	458	14	8	14	36	2	4	94	48	5	6	385	25	44	3	456	0	14	66	166	91	72	6	88	4	5	61	133	345	306	2	3204	58	198	8	128	52	228	24	138	45	1189	7	91	22	3	60	18	18	59	38	2449	24	22	1	4	3	422	33	3	24	21	3	9	19	427	5	16	9	1	9	441	17	10	21	27	1	89	7	39	12	19	20	23	44	1	42	30	282	7	7	96	15	5	6	17	36	13	6	7	118	27	34	86	84	8	24	1481	25	17	58	6	1	5	28	17	24	7	11	48	5	26	143	4	143	27	94	18	120	23	257	33	13	7	108	168	79	13	127	11	6	18	7	73	421	2	39	26	14	14	4	23	10	343	10	51	31	5	16	1054	32	24	42	8	31	102	149	9	10	91	501	29	157	71	9	10	17	10	9	30	5	17	15	5	9	8	24	293	95	13	76	102	22	17	17	5	17	98	811	14	216	45	123	16	17	97	13	198	32	13	1136	7	12	7	27	2	47	8	4	257	4	28	8	16	82	170	174	409	5	27	11	25	59	213	85	366	5	60	240	0	5	20	38	101	6	26	32	39	17	16	5	44	10	10	105	43	19	289	73	570	30	19	25	3	91	187	21	34	35	24	7	6	12	122	10	40	16	14	55	4	31	37	1	11	16	13	30	112	40	7	45	5022	83	13	9	577	65	0	3	9	5	7	59	38	6	67	15	41	118	4	37	239	55	53	3105	518	141	91	30	4	110	13	8	1	284	80	5	20	102	7	10	491	224	147	9	28	10	124	7	632	112	74	47	798	106	7	35	37	260	126	11	43	42	12	21	450	11	119	1034	25	10	4199	16	102	3	14	8	16	137	15	315	39	2509	16	13	63	5	26	18	182	22	16	5	9	81	311	7	184	130	11	3600	76	28	22	18	28	130	18	49	87	3	130	9	12	15	26	34	4	24	17	19	339	5	1	34	39	9	5	13	15	9	68	75	3	2895	13	4	41	70	246	8	11	7	6	39	4	29	10	204	12	37	3	36	15	182	71	10	90	7	3	302	15	6	22	706	22	66	0	290	47	93	7	21	134	0	4	8	9	121	250	40	7	14	559	7	43	17	23	6	154	452	467	226	9	4	4	3	40	302	20	8	78	4	50	2	200	64	21	14	5	1	58	63	9	96	9	22	4	705	20	134	19	269	38	398	5	20	16	101	15	71	14	74	25	4	277	4	236	36	15	17	5	53	7	167	32	47	11	5	34	25	4	325	125	30	6	292	5	3	148	76	7	19	278	117	3	12	45	14	16	124	35	1589	5	5	41	9	24	159	13	24	91	113	16	47	8	144	176	7	8	23	166	56	227	3	30	13	596	162	17	35	74	59	19	2	195	32	216	75	216	86	127	46	18	4	16	39	15	9	28	40	13	5	16	206	68	23	86	18	2	8	7	8	180	38	74	12	6	149	165	302	4	25	13	20	141	14	18	7	113	18	124	119	5	92	25	32	71	80	42	446	1	713	21	17	3	30	96	11	53	9	7	9	16	2625	8	8	4	10	600	42	48	66	4	58	453	38	3001	7	161	26	34	37	6	2	66	191	62	700	14	1452	21	151	2	121	1102	3	2	684	17	13	3	212	470	46	31	1920	20	9	14	230	35	0	33	9	76	12	45	32	10	30	5	8	72	4516	143	11	35	9	1614	32	39	14	1	34	23	13	1	24	688	9	11	13	35	1	9	3	5	27	29	3	45	99	20	7	13	56	85	33	42	271	9	22	118	67	30	31	4	62	23	103	104	157	46	2	36	255	78	27	1	374	3	623	4	6	10	27	672	4	17	21	23	4	151	161	59	72	294	1004	5243	0	8	83	462	10	110	246	143	7	1685	39	20	25	9	7	15	8	19	28	2	8	71	89	13	85	8	21	116	51	5	11	7	79	238	32	3	15	17	48	57	315	11	23	52	442	90	190	23	1	3411	280	7	36	28	40	28	15	0	2	13	17	95	5	33	161	160	6	62	6	2	13	38	248	75	16	24	382	1	91	62	50	63	15	522	96	174	28	81
chr15	1	20	4	5	37	20	29	71	66	39	11	10	21	161	4	565	37	36	59	47	0	2	73	178	5	36	4	86	13	49	9	544	673	3	1	1	90	46	44	6	6	86	4	1	9	64	8	903	118	38	26	6599	34	27	20	21	26	100	14	66	3	432	3	5	16	27	3	4	54	18	2	0	377	34	40	14	482	0	7	71	218	83	75	5	121	5	8	12	196	272	282	1	3787	52	161	7	137	47	345	36	114	56	1320	1	79	25	14	106	0	28	79	32	2456	21	19	0	6	3	405	56	4	29	4	0	39	9	276	25	7	11	5	5	247	28	2	10	26	1	116	5	26	4	15	16	15	39	0	28	20	199	8	13	57	22	4	9	26	46	14	5	2	154	25	20	82	55	13	29	1576	34	22	32	3	5	1	20	16	14	5	8	45	10	33	151	3	100	10	88	29	127	15	184	14	16	24	44	217	107	8	118	10	6	49	26	76	499	2	58	34	7	27	13	31	5	238	7	48	50	3	23	1118	66	11	25	0	23	93	85	7	2	123	555	56	115	38	3	2	4	9	5	25	3	13	8	3	2	12	20	340	105	10	96	126	23	13	9	1	29	105	812	12	189	77	96	19	13	90	3	227	38	10	1234	15	17	3	41	6	46	5	12	205	4	28	2	25	70	163	191	303	6	12	9	18	92	261	84	265	0	49	355	2	3	15	36	109	0	19	16	30	30	34	1	20	0	9	71	31	30	316	18	409	24	14	8	3	47	141	32	24	41	42	9	0	12	106	13	59	8	18	70	4	28	20	0	2	29	6	8	129	22	7	31	4041	54	11	8	742	81	0	3	18	2	3	38	28	1	26	19	27	95	2	27	167	78	58	3417	619	124	112	59	3	113	3	4	3	328	68	8	18	57	2	4	388	292	87	43	39	6	172	9	663	120	68	52	399	125	4	41	48	241	89	10	33	51	7	23	585	2	66	997	18	2	4331	5	31	2	4	12	18	197	8	236	15	2562	7	8	41	2	14	10	64	9	11	27	8	85	261	6	166	122	20	3740	88	20	18	15	12	85	14	55	47	43	132	9	23	20	27	28	10	36	14	9	308	9	0	25	9	6	1	4	16	11	58	57	0	2780	10	3	40	50	170	3	7	17	13	35	2	45	2	207	10	43	1	23	12	199	43	12	104	2	1	298	4	9	22	718	18	54	0	154	57	63	0	6	85	3	5	6	13	71	191	12	13	16	634	8	9	5	29	0	110	460	595	143	27	0	11	4	35	308	29	13	19	5	43	7	229	51	19	12	0	8	54	66	13	94	11	17	4	936	24	102	29	293	32	401	0	20	8	50	19	55	23	77	35	1	284	0	286	19	11	28	3	53	8	134	32	28	8	10	28	25	8	280	79	15	22	228	9	1	141	61	3	32	228	113	13	15	33	7	8	146	37	1763	6	3	28	21	6	291	9	4	77	128	6	24	0	153	144	3	5	24	158	26	161	0	28	7	412	100	16	12	88	33	19	16	224	30	182	81	223	69	80	34	24	0	2	63	11	3	31	8	9	1	19	332	84	14	84	10	3	18	8	1	161	33	34	3	3	89	154	265	5	30	44	10	84	15	26	4	103	34	110	107	8	66	33	18	76	36	20	400	2	718	33	5	1	37	63	4	23	0	1	7	9	3190	6	16	2	2	481	31	50	58	1	77	237	9	3386	0	167	29	42	32	9	1	40	293	50	850	11	1373	11	122	0	104	1116	3	2	587	21	5	10	218	497	33	42	1957	11	6	15	261	8	1	19	4	60	5	59	57	8	18	4	17	73	3974	94	6	25	5	1433	43	27	26	9	40	12	8	1	6	786	3	5	6	20	0	4	6	5	26	17	5	40	85	4	5	7	46	92	32	13	206	14	12	146	104	16	20	12	62	20	136	115	150	35	0	31	245	65	24	1	179	2	396	2	8	5	26	505	5	18	19	10	7	42	234	71	64	294	931	4398	6	7	35	611	3	132	386	82	2	1849	25	49	24	8	7	3	15	47	16	2	3	115	94	29	86	11	39	64	25	1	16	2	55	286	33	0	15	27	25	30	478	6	9	54	337	57	161	11	4	3696	297	5	30	27	85	15	8	2	1	11	10	80	4	29	183	113	19	42	4	3	6	33	257	90	14	7	432	4	85	57	31	43	5	405	128	188	18	70
chr16	11	22	6	1	41	20	23	29	126	132	10	14	23	108	3	336	22	38	33	150	0	3	95	153	2	21	5	86	1	27	11	589	769	4	4	4	109	34	38	4	9	89	2	7	5	37	0	818	159	40	31	8814	22	31	14	9	13	123	13	63	8	355	5	11	19	10	4	0	22	11	0	0	443	37	12	5	645	0	3	61	221	41	40	3	65	2	8	27	127	227	140	2	3714	21	108	3	174	128	166	44	109	25	1064	9	87	18	3	80	2	12	45	27	3947	26	5	4	1	3	384	54	0	10	1	6	9	7	185	8	12	8	4	4	177	20	17	18	23	6	71	11	35	10	21	5	5	50	6	47	8	200	19	1	52	20	10	4	29	34	16	6	6	55	17	57	111	18	11	22	2119	20	11	29	8	0	7	14	6	10	8	4	23	5	27	152	3	92	7	84	39	23	9	376	6	35	0	90	164	55	9	54	5	3	29	17	64	357	4	29	39	7	7	0	22	2	193	10	64	20	3	11	1129	24	35	33	0	25	51	75	8	1	145	622	36	41	27	2	9	7	17	7	18	3	3	15	1	2	12	14	134	124	6	47	143	18	9	15	2	24	97	1104	18	118	34	66	21	13	128	4	144	40	8	1443	18	8	3	36	15	25	3	8	308	10	20	2	22	47	204	210	283	0	16	5	21	79	292	59	188	17	58	309	19	9	20	58	102	4	10	19	46	12	16	7	27	1	7	61	34	12	413	29	510	18	11	13	0	65	84	30	28	42	53	12	3	3	52	9	74	14	7	71	5	23	74	4	4	43	5	5	84	20	6	38	5400	51	14	10	699	40	6	8	28	0	4	39	29	3	28	13	14	106	3	43	220	36	59	4754	511	123	114	38	5	61	11	4	0	363	86	6	10	66	5	10	438	209	84	3	28	9	173	4	315	128	49	46	617	119	10	24	21	182	101	3	15	45	7	45	387	4	91	1221	73	7	5472	8	19	0	5	6	15	114	5	157	21	4584	8	13	33	4	13	10	35	8	9	13	3	75	164	14	156	138	21	5296	54	25	8	36	3	97	9	91	61	3	96	0	24	20	15	21	2	25	18	7	399	4	2	24	8	3	10	12	6	16	32	55	8	3654	15	5	62	23	268	0	7	12	5	25	6	15	6	231	12	37	3	16	8	164	38	20	83	2	0	291	1	9	44	488	25	75	0	171	47	57	0	4	118	0	2	2	19	56	144	7	10	5	860	7	9	4	15	4	179	897	559	206	17	4	4	15	25	214	11	5	19	22	42	20	256	38	29	18	8	13	61	54	9	51	16	8	5	619	8	190	38	290	18	614	6	15	8	126	14	47	12	60	22	2	88	5	535	26	18	15	1	61	7	100	33	32	1	12	29	8	3	255	61	25	22	203	5	3	417	53	5	22	215	119	2	12	36	3	8	85	45	1921	4	1	21	8	21	189	8	9	516	153	13	52	2	133	129	7	12	55	158	35	216	1	35	28	766	163	33	4	79	15	13	5	146	25	135	74	322	173	49	73	12	2	22	38	13	8	10	16	12	3	8	224	92	7	21	11	13	33	2	2	119	38	30	6	3	105	118	330	5	8	17	13	66	14	14	3	227	23	140	139	5	52	33	14	58	15	38	250	3	925	24	3	6	17	53	3	7	4	0	12	7	2333	8	5	7	1	858	30	29	39	2	60	293	10	3087	4	171	46	72	17	14	2	46	161	54	913	18	1010	5	72	1	135	1198	3	0	361	27	5	8	343	525	41	40	2510	6	4	18	309	25	7	21	0	43	2	64	58	14	25	0	17	100	3423	102	2	19	7	1254	13	21	13	0	19	13	11	1	8	921	4	3	3	24	0	4	9	14	16	22	6	29	80	6	10	2	24	55	20	10	143	5	5	86	64	13	9	6	26	13	191	299	227	47	0	69	89	204	23	3	223	7	475	11	8	17	27	522	7	13	21	11	17	66	98	82	70	179	809	7041	1	3	28	514	9	107	258	124	5	1331	9	48	18	22	4	10	16	45	13	4	8	61	112	22	143	9	23	49	12	7	7	8	77	217	37	5	46	26	9	51	369	2	15	42	365	57	202	10	0	5698	320	2	50	9	22	32	14	2	13	1	12	78	9	23	81	115	0	51	2	2	18	35	362	73	14	12	462	7	87	80	37	14	0	1247	91	182	23	49
chr17	1	18	4	4	24	16	24	69	60	63	4	17	35	123	0	333	35	43	53	45	2	1	74	157	1	26	2	86	3	30	7	494	866	4	4	0	119	31	55	1	4	94	11	12	15	45	2	815	84	47	30	6747	25	11	9	5	18	103	20	74	5	295	4	8	14	19	4	5	38	25	4	1	565	14	34	17	538	0	1	69	133	58	75	2	111	1	13	36	202	253	171	0	4983	44	136	4	194	48	267	39	60	50	1200	13	118	22	5	53	1	16	49	14	3744	25	11	0	1	3	365	61	0	15	4	5	30	11	324	4	19	11	0	7	145	20	7	13	33	5	127	17	36	8	12	7	5	45	10	20	22	124	9	17	64	10	6	6	17	34	27	1	3	62	7	41	77	24	4	21	2336	13	19	42	2	2	8	5	10	23	5	7	18	3	34	102	0	67	6	62	20	80	27	216	10	14	23	29	143	68	5	93	2	7	35	5	67	401	2	36	32	9	19	9	34	0	133	9	36	18	2	6	1013	21	37	31	1	14	91	61	5	7	134	641	23	76	32	2	2	6	8	12	31	1	10	10	4	7	8	7	288	102	15	74	142	22	3	11	9	18	79	1229	13	136	42	23	17	11	88	0	123	19	12	1889	11	14	0	42	14	13	3	17	196	2	36	0	12	45	207	191	220	0	15	22	28	96	342	109	174	4	39	268	5	11	17	43	97	11	7	32	47	34	10	8	30	8	12	35	24	18	360	18	409	26	13	10	1	36	142	33	36	40	40	11	1	3	72	11	77	16	17	89	3	20	73	1	4	30	11	8	115	40	8	20	4444	5	10	1	656	51	0	6	14	12	5	29	4	0	19	0	34	101	0	25	172	61	75	4986	666	98	114	54	4	118	3	1	2	282	52	4	18	44	10	3	348	227	61	2	32	3	206	5	449	89	36	44	461	78	8	42	38	166	69	2	21	57	7	14	303	3	53	1676	27	3	6143	2	20	1	2	17	21	152	5	162	42	3630	4	14	14	2	14	6	58	3	14	6	1	92	142	16	114	200	13	6308	66	16	19	11	4	57	15	40	47	14	95	8	5	7	21	25	12	53	16	13	237	7	3	11	15	8	4	10	4	12	72	48	5	2940	13	4	26	45	171	25	3	15	3	37	2	41	9	317	9	41	2	30	3	149	55	5	59	14	0	216	0	10	28	845	13	47	0	103	49	44	7	19	123	4	0	2	4	51	116	8	12	3	1031	10	23	1	10	0	136	554	464	163	19	0	3	5	21	272	17	9	32	8	62	10	245	37	19	18	2	8	48	38	4	177	8	10	4	836	26	111	21	314	16	417	7	21	0	63	4	43	24	71	22	4	113	2	437	28	5	15	2	44	11	57	15	20	0	8	27	16	4	218	61	8	7	146	1	1	152	73	4	21	175	95	1	16	16	5	2	115	29	2800	2	1	18	3	11	202	7	6	144	119	1	22	6	173	126	4	7	16	156	52	124	0	42	35	589	117	23	13	70	31	23	3	142	16	115	60	421	70	47	56	28	2	3	91	3	10	11	11	8	3	5	242	75	7	93	4	4	13	3	2	181	45	19	28	2	83	136	310	9	19	24	5	50	11	14	4	89	13	129	128	17	51	22	17	43	32	23	275	1	1102	13	6	4	34	57	4	26	7	1	9	6	3012	0	9	0	1	541	23	18	34	2	97	221	19	3131	0	224	44	7	21	6	3	43	146	33	848	13	1269	12	112	2	88	1592	4	0	386	16	8	7	333	474	31	30	3038	8	6	13	254	26	0	0	2	43	5	44	40	12	39	2	5	93	4093	89	14	19	19	1457	15	13	12	7	40	14	5	3	7	826	3	4	0	9	6	3	1	2	10	11	1	23	55	12	6	7	56	111	29	10	169	2	24	111	81	15	27	3	40	15	120	116	142	34	0	43	145	85	17	2	165	8	340	6	10	16	17	430	9	18	9	14	3	69	153	28	39	282	912	4781	6	4	17	438	2	92	308	62	1	1625	23	13	19	21	6	2	15	15	19	3	6	64	133	24	134	8	16	78	16	0	18	5	69	270	29	0	12	17	16	27	323	2	10	43	315	55	206	19	2	6091	451	2	25	24	42	16	7	5	3	4	10	52	7	41	148	51	4	17	0	4	5	36	253	85	0	4	443	1	53	94	29	55	4	488	111	102	16	40
chr18	3	13	2	0	71	30	28	79	34	59	4	28	19	120	4	430	16	28	36	41	2	5	85	184	2	33	3	49	3	45	3	367	473	0	6	2	54	36	19	0	7	93	25	5	11	66	0	504	120	53	26	4346	19	38	48	25	21	96	15	43	11	415	13	2	28	22	5	2	70	26	4	3	248	38	33	0	448	0	14	54	121	80	78	5	67	7	11	74	159	306	195	0	2368	46	159	1	86	23	226	27	114	46	722	8	56	18	9	52	4	11	57	24	1599	45	16	4	11	9	338	53	4	21	18	4	15	10	314	12	12	8	4	14	291	18	5	18	18	3	109	14	20	7	10	4	21	16	4	16	4	197	11	4	69	14	2	11	29	43	10	2	5	94	32	42	72	116	10	24	994	15	18	36	7	7	7	25	22	14	5	6	66	15	20	170	3	96	4	70	25	87	36	220	27	23	3	37	234	92	4	108	7	6	14	9	49	311	5	25	18	8	11	0	20	10	234	8	38	24	1	13	842	29	23	20	3	26	109	81	11	6	78	332	33	108	58	5	3	8	2	8	22	3	21	12	9	4	6	21	248	78	15	64	83	15	18	6	2	18	77	474	15	147	67	135	19	5	87	8	303	12	10	724	10	5	1	28	0	41	6	16	262	5	22	5	16	70	125	200	368	4	47	3	9	39	242	86	319	4	15	300	3	5	12	41	107	1	10	27	37	15	31	2	36	2	9	76	36	25	240	45	459	16	12	24	6	73	160	35	29	43	55	6	2	13	88	10	58	7	4	50	7	23	28	2	15	9	6	8	93	32	10	26	3805	65	12	2	537	42	1	2	25	0	9	33	56	5	71	3	38	103	22	28	160	59	53	2195	465	149	123	16	6	105	5	2	2	306	56	5	21	58	4	3	361	210	131	5	33	14	106	6	571	56	71	40	594	103	10	27	60	209	133	6	41	17	10	23	391	5	110	653	35	2	2593	32	30	6	18	17	21	169	7	275	72	1906	16	7	44	3	12	15	85	16	14	2	8	46	235	16	116	110	15	2261	69	12	28	18	19	77	17	41	41	2	132	3	29	24	29	37	3	19	7	13	331	7	0	23	47	7	1	3	11	10	50	61	0	1949	2	7	37	53	209	10	13	10	2	40	3	28	5	143	7	51	2	25	14	122	35	18	82	11	4	195	14	4	15	664	17	81	6	190	47	53	3	34	182	0	6	7	8	93	188	23	19	12	397	8	27	3	27	0	80	348	405	165	12	2	2	10	27	253	20	1	75	10	23	13	155	78	17	6	5	11	44	61	12	95	6	18	2	709	14	112	34	235	30	323	3	12	7	64	9	61	15	76	35	2	185	4	211	25	8	16	1	30	6	136	29	26	6	9	29	45	3	321	74	29	14	203	1	1	129	48	7	13	235	76	1	13	62	9	10	136	25	914	4	3	32	6	26	136	8	13	39	91	13	57	4	101	139	5	4	24	164	59	189	7	27	2	597	113	21	42	52	36	8	1	183	37	164	46	132	43	74	43	24	6	21	51	2	11	23	20	7	10	17	215	90	31	58	5	5	16	7	2	122	39	19	3	3	119	152	222	4	21	55	7	118	5	12	7	30	20	62	98	8	93	28	18	101	127	27	323	8	465	27	3	3	45	90	13	44	0	0	10	11	2076	7	0	3	0	499	37	30	49	6	64	328	16	2338	2	129	25	43	23	21	2	49	239	33	684	15	1297	18	135	2	124	729	3	0	549	6	3	1	154	446	53	47	1273	14	9	23	201	24	0	23	9	83	4	39	27	6	22	3	6	42	3123	79	5	22	9	1485	30	17	17	1	23	21	19	3	8	626	8	10	9	13	3	1	1	3	30	18	3	42	98	30	11	11	31	81	30	25	163	7	17	142	56	24	21	9	74	16	67	55	86	43	0	32	268	41	21	4	312	15	580	11	9	13	31	534	2	19	21	11	4	25	256	47	74	239	883	3640	4	8	46	458	2	121	199	131	6	1504	46	13	11	22	3	10	6	34	23	4	2	60	58	13	74	12	21	97	36	0	14	2	65	271	23	0	7	27	10	32	380	20	7	43	322	71	144	10	5	2288	179	0	35	24	40	17	5	1	5	8	10	72	1	24	165	101	2	45	8	5	10	29	170	83	9	14	215	13	77	35	30	23	13	267	93	198	29	63
chr19	0	19	21	8	16	4	4	40	31	107	24	10	40	76	5	216	7	15	9	47	0	6	45	286	0	15	2	101	0	19	29	204	649	3	6	1	94	5	11	0	1	78	0	9	2	31	11	433	85	32	24	3291	6	34	8	0	23	96	9	15	15	255	7	17	13	3	5	23	3	8	4	1	553	21	14	3	366	0	0	52	93	5	52	0	18	0	37	97	12	186	146	4	4464	1	64	6	229	28	69	47	30	45	283	20	113	10	0	12	0	9	25	8	4488	7	15	76	0	3	229	36	2	28	5	4	9	12	139	8	55	0	29	0	85	5	1	9	29	2	15	15	6	57	27	3	3	37	33	8	2	100	30	0	33	16	19	14	26	50	4	6	2	76	18	50	56	24	19	11	2063	6	0	5	0	3	17	3	6	6	8	0	17	14	6	94	0	44	30	73	30	53	15	192	5	10	0	180	76	30	7	19	18	9	33	10	35	122	0	5	3	6	0	2	38	3	131	6	99	4	6	8	371	10	16	17	0	3	49	108	21	9	58	223	12	23	24	0	28	1	2	20	10	0	1	22	2	27	4	5	184	38	0	59	139	11	16	1	12	10	45	1225	10	19	13	27	46	5	46	44	31	7	3	1835	18	5	0	11	21	31	10	15	154	3	3	0	3	9	241	93	148	1	6	6	27	137	299	64	86	5	13	223	1	1	18	59	73	6	1	25	9	0	1	3	23	15	3	26	27	12	285	4	358	1	41	0	6	61	3	26	13	55	100	14	2	15	48	14	62	8	1	96	0	4	114	6	1	20	2	10	55	27	1	23	3746	14	38	0	598	24	154	5	39	11	1	21	37	5	19	19	3	108	3	32	253	7	57	5184	569	81	50	21	11	7	2	2	6	288	27	8	8	21	13	0	224	174	30	8	10	14	170	4	249	61	11	9	214	35	12	4	12	173	56	0	14	78	0	25	162	3	34	1618	25	2	5306	10	6	4	1	10	9	26	15	134	23	4679	1	47	47	3	7	0	27	9	4	24	1	53	95	5	65	178	4	6367	28	41	5	8	4	29	9	34	62	36	28	0	5	2	0	6	7	26	20	4	123	3	1	13	6	1	19	32	18	2	20	33	7	2675	39	1	47	14	107	18	11	2	16	40	6	38	9	268	9	54	4	0	9	43	9	15	62	66	0	122	14	6	42	191	14	74	0	121	11	29	7	12	98	1	0	2	6	9	71	12	1	0	1018	40	6	1	3	1	110	672	266	96	2	0	5	1	9	138	3	4	24	7	47	12	245	21	16	14	6	26	19	24	3	8	15	16	4	619	6	64	29	178	3	276	10	24	26	35	3	29	16	36	23	1	193	1	538	17	11	2	0	23	0	55	10	13	0	16	17	11	12	270	48	15	33	282	5	7	171	13	6	7	162	86	7	0	14	6	20	70	37	2792	6	0	7	2	7	147	9	4	129	72	16	29	6	77	71	2	14	5	155	38	122	4	7	62	485	50	15	3	20	13	1	16	86	34	68	40	380	56	15	38	7	1	28	8	2	41	30	22	26	2	7	48	73	4	29	164	10	1	4	0	57	89	19	32	6	32	72	302	15	7	3	22	41	12	4	2	44	4	83	77	3	33	63	11	34	8	30	139	0	965	7	1	12	5	18	7	14	55	0	18	7	1053	1	29	13	11	517	29	16	14	0	39	131	10	1303	0	70	21	39	7	35	2	6	181	174	288	30	270	5	78	15	154	1325	0	1	204	23	3	11	351	267	12	6	2836	2	4	115	525	16	9	78	0	17	0	5	23	12	22	0	53	120	1370	52	4	34	20	956	7	7	12	1	27	4	1	2	10	626	10	2	7	25	42	5	7	3	5	12	7	3	44	27	26	0	14	4	12	39	68	11	25	39	26	0	18	6	14	12	55	85	56	32	3	61	90	55	8	0	75	5	229	5	13	22	6	283	13	3	10	7	6	46	92	60	87	42	468	3842	5	16	20	478	7	61	76	35	0	1050	22	48	3	14	1	1	5	56	26	3	11	49	88	6	70	19	20	16	17	3	11	9	39	213	17	1	20	33	5	22	176	1	80	20	136	45	104	1	12	6906	441	12	9	1	2	3	20	3	10	5	6	82	5	14	16	163	0	26	1	15	4	19	192	51	18	4	407	3	22	124	11	51	24	468	88	165	18	21
chr20	1	19	0	2	59	14	22	49	104	65	1	13	12	101	1	213	9	32	21	260	2	2	33	75	5	20	3	88	2	23	23	651	513	3	2	3	56	23	19	1	7	66	0	5	4	25	0	894	72	26	21	6488	14	25	8	11	21	60	14	71	12	348	6	4	11	25	2	1	16	11	6	1	232	24	21	1	374	3	3	156	168	56	62	0	79	0	4	19	158	213	107	0	2228	17	108	2	120	98	206	24	82	27	912	6	65	10	9	37	0	6	37	14	2115	16	9	0	2	2	330	49	6	10	5	2	5	11	277	7	15	2	0	0	154	10	12	1	22	5	54	17	16	3	9	1	5	49	7	43	9	106	8	9	52	10	5	4	12	25	5	6	3	43	13	34	51	57	8	29	1286	14	9	17	1	3	3	10	17	18	4	4	23	2	31	112	2	48	1	64	63	50	4	590	8	27	18	55	175	66	0	109	7	4	17	5	56	341	4	21	35	3	5	0	16	7	191	4	21	19	0	14	1133	10	15	30	0	37	67	55	6	2	151	517	39	80	29	4	5	8	2	5	12	2	2	6	1	0	13	9	200	113	5	40	73	10	9	2	5	27	121	628	9	114	67	29	17	9	143	0	112	5	7	891	7	1	1	28	3	35	4	16	159	2	14	2	14	51	102	122	211	0	11	7	12	40	195	53	150	6	56	280	6	5	19	27	83	0	8	13	32	18	30	4	19	10	11	46	18	18	420	10	330	13	23	10	6	31	80	18	14	40	15	11	0	5	78	3	45	10	6	32	3	28	45	11	1	19	6	2	114	21	0	15	5247	42	7	0	464	48	0	6	15	1	4	42	11	0	22	3	21	74	0	25	121	27	40	2749	466	69	118	34	15	62	4	2	4	302	65	6	17	30	4	4	546	189	76	7	39	3	88	8	384	189	36	30	337	134	8	29	21	134	88	0	34	21	6	16	298	4	45	766	24	0	3279	10	8	1	5	7	9	102	2	149	27	2171	5	31	33	3	9	2	28	1	4	1	7	61	193	4	102	106	10	3046	88	17	23	12	13	55	17	150	18	17	101	2	16	16	13	28	3	16	3	7	289	5	2	29	4	8	7	3	1	6	50	26	1	3081	8	0	26	13	147	4	4	9	8	24	0	31	0	165	10	13	1	10	9	183	35	14	62	6	4	278	1	4	14	470	15	55	0	105	42	56	0	4	65	0	6	2	11	49	110	22	3	6	448	5	28	2	13	2	155	674	360	180	11	0	1	0	31	188	7	1	12	3	26	9	215	39	31	2	7	1	47	62	10	49	11	34	4	743	23	273	23	402	20	495	5	6	4	147	8	38	13	49	39	2	126	2	274	24	7	11	1	45	3	81	30	16	0	11	24	21	1	151	38	16	11	148	0	16	777	43	1	17	187	58	0	13	25	6	5	96	34	1242	4	1	10	9	5	138	5	2	317	79	6	31	1	100	112	7	6	10	187	25	118	1	14	8	420	138	12	18	36	21	14	5	80	14	146	87	185	160	45	24	16	2	17	34	17	12	5	1	8	6	5	193	61	17	36	3	7	18	3	0	173	43	18	1	0	134	105	361	2	23	26	18	73	5	9	4	175	15	71	120	10	44	34	12	48	29	12	215	5	495	20	5	0	10	31	9	27	11	8	4	5	2234	3	0	1	1	544	24	42	45	1	45	205	1	2424	5	115	49	17	17	4	1	19	138	45	700	10	859	10	83	3	78	732	5	5	282	15	0	9	204	514	26	29	1591	0	10	18	155	20	0	7	2	35	6	33	50	5	21	2	6	94	2754	122	4	28	23	1153	5	21	8	1	28	12	9	5	8	560	5	3	4	12	0	5	10	6	6	16	2	15	72	18	8	3	35	46	20	31	115	3	7	104	64	15	5	2	31	16	139	180	106	39	0	52	112	154	16	5	134	14	362	10	4	12	5	347	5	16	21	12	9	34	167	45	50	168	690	5273	5	1	12	444	3	76	197	96	4	1224	14	11	23	21	3	8	20	36	25	1	5	54	69	13	133	12	7	43	25	0	19	6	129	180	9	0	35	16	2	16	183	7	14	41	436	48	197	3	2	3023	217	2	35	12	18	13	13	2	2	4	2	76	3	20	85	80	5	32	3	2	5	19	222	49	10	13	398	9	81	35	10	17	1	904	77	108	21	70
chr21	5	8	0	4	28	7	3	28	15	36	1	14	19	69	8	221	7	10	14	30	2	2	68	103	3	21	1	18	4	31	11	187	225	3	3	2	48	36	25	8	6	48	7	0	1	30	5	223	68	50	26	1609	1	34	20	10	26	45	7	14	10	212	4	4	15	17	1	3	49	10	3	1	112	26	8	0	190	19	7	27	112	31	22	0	16	1	3	47	58	163	123	0	1439	16	70	1	63	9	142	17	53	25	355	1	42	6	3	14	10	8	21	8	754	22	13	4	0	0	167	33	1	10	13	1	9	21	154	3	10	3	1	1	172	3	2	20	9	2	44	5	13	34	2	7	14	14	12	11	7	157	18	7	29	13	7	1	17	23	16	0	0	66	6	15	34	116	4	13	549	2	3	6	0	2	3	11	9	9	1	5	32	0	5	110	1	39	8	63	14	56	20	147	27	16	11	14	49	38	5	59	5	7	11	15	22	124	1	5	17	8	4	0	14	7	123	1	26	12	4	5	372	7	6	11	1	11	62	57	7	15	46	136	7	85	36	0	0	7	1	10	11	0	13	9	0	1	5	12	103	39	1	30	47	8	4	8	20	5	36	220	10	77	26	55	11	3	52	3	50	8	6	426	3	5	2	21	4	37	3	9	168	4	7	0	7	27	89	124	202	6	14	6	11	18	74	42	134	3	7	126	1	4	4	48	47	4	8	7	10	10	7	3	27	0	5	45	11	6	98	26	434	7	2	10	1	42	51	10	19	27	63	0	6	4	42	4	27	17	1	26	8	19	15	1	5	8	7	14	36	32	10	10	1595	34	5	2	297	18	18	3	8	8	6	12	53	4	44	6	16	30	14	26	107	19	21	1075	234	66	39	16	4	41	7	3	1	166	37	1	6	12	3	0	194	104	101	3	13	1	64	4	311	55	19	16	468	59	4	10	27	92	95	0	15	17	7	9	200	14	83	404	20	2	1342	29	18	2	2	17	5	82	5	147	35	887	5	5	40	7	3	2	77	6	2	9	3	45	120	5	61	64	11	1391	27	24	6	5	15	84	11	27	55	0	37	1	14	18	4	31	4	13	4	11	151	0	1	11	8	13	2	5	6	25	33	40	0	700	6	2	12	22	123	9	7	8	3	30	3	11	6	76	8	24	1	13	6	50	14	13	37	4	0	122	20	4	13	270	17	27	0	77	22	41	4	27	40	0	7	3	7	69	70	5	2	5	239	3	12	7	6	0	44	234	196	106	9	2	3	0	13	86	2	2	45	3	14	5	101	26	10	4	1	8	26	27	4	31	4	16	3	329	9	50	18	95	4	152	5	16	1	39	2	32	11	36	9	3	153	1	116	13	3	8	0	18	3	75	3	28	0	0	7	12	2	111	53	13	21	127	3	2	58	22	3	8	116	50	0	5	19	5	5	21	15	594	1	0	9	5	13	46	3	8	6	56	4	22	0	40	50	4	0	21	92	17	113	3	5	9	504	80	16	10	16	35	2	0	67	16	110	30	87	21	26	31	15	2	5	30	6	6	18	13	14	5	18	74	34	17	31	23	0	6	1	0	62	23	19	1	2	89	64	135	3	6	16	5	81	1	6	12	15	9	28	47	0	65	14	6	51	91	16	163	4	265	25	3	2	9	64	1	29	0	0	0	6	638	7	3	1	7	411	39	26	21	3	45	265	9	774	5	53	21	16	17	1	7	15	111	15	260	9	384	12	61	1	54	470	0	1	314	6	2	2	86	224	25	9	662	7	6	22	190	3	25	22	3	23	0	4	12	7	10	0	13	34	983	57	12	9	2	645	17	25	20	3	7	9	7	1	4	261	6	3	5	6	26	1	5	0	12	8	2	20	40	16	12	2	10	24	13	30	147	2	12	40	30	13	9	2	25	11	25	24	32	16	4	10	119	11	8	2	203	6	422	1	4	37	7	452	6	0	10	10	4	28	85	24	30	87	396	1559	5	4	35	169	0	59	80	99	1	791	20	14	7	12	0	3	1	18	22	3	4	19	37	6	74	3	23	43	28	0	9	1	43	114	13	2	4	11	8	29	221	7	4	15	141	65	59	12	6	1351	119	4	10	14	8	11	4	1	0	6	1	25	1	6	45	55	0	25	1	2	24	31	89	46	8	17	101	6	36	27	10	18	2	107	41	100	23	24
chr22	2	13	3	0	16	12	13	17	15	34	5	19	3	69	9	242	0	31	6	20	0	2	26	55	1	19	3	41	3	41	7	166	373	0	2	0	54	29	11	0	0	31	3	3	3	17	1	314	46	19	35	4394	14	28	4	3	41	34	6	32	6	103	1	4	3	1	1	5	4	10	3	0	226	12	7	1	261	0	0	27	58	27	24	0	40	0	9	8	39	104	51	2	2486	12	81	1	102	21	61	24	30	16	375	7	44	5	1	12	19	7	31	2	1640	10	4	3	2	0	159	27	2	14	0	0	0	1	171	7	15	4	0	1	76	2	3	8	12	2	33	20	4	6	9	7	4	30	0	17	0	45	5	3	35	7	5	4	8	16	4	1	0	47	7	14	12	27	5	4	881	8	4	11	0	3	10	2	2	12	0	1	13	1	8	46	0	31	0	43	14	44	0	163	18	3	2	55	109	40	8	14	4	14	12	15	23	135	0	17	2	1	2	0	17	6	83	10	18	6	2	8	342	3	4	8	1	4	22	27	13	2	50	196	3	33	14	0	0	5	7	4	8	0	8	7	2	4	3	3	57	38	0	16	79	9	6	7	1	10	43	443	5	58	22	31	5	4	46	1	59	6	4	797	6	5	1	16	6	32	2	8	111	0	8	2	5	17	71	68	115	0	4	2	5	52	168	29	74	6	12	167	1	5	5	7	33	0	1	14	10	6	16	1	33	0	5	31	6	7	137	10	298	3	16	3	3	17	30	9	11	35	53	0	1	0	31	3	20	2	4	40	0	1	30	1	1	11	3	0	47	18	0	14	2335	18	3	2	442	27	0	2	5	3	3	16	19	0	13	0	4	31	0	18	97	18	22	2023	390	88	47	9	1	26	1	1	1	153	26	9	8	15	0	0	172	103	38	3	5	0	136	12	405	32	14	12	147	26	1	7	9	61	48	0	14	29	6	11	153	2	32	793	15	0	2484	3	11	1	0	0	4	57	14	76	9	1735	2	9	10	1	3	4	16	8	5	2	0	29	74	1	25	94	10	2595	30	29	7	6	1	23	5	5	27	1	37	1	5	2	8	15	0	22	4	3	111	1	0	8	14	4	6	3	12	11	19	9	0	2039	10	0	20	12	62	0	5	2	4	25	0	15	6	148	3	32	0	5	5	43	22	9	21	10	0	71	2	4	10	242	8	18	0	49	16	20	2	16	40	0	2	1	2	42	45	45	1	1	404	4	5	1	3	0	81	228	234	61	3	0	20	0	4	117	9	8	29	2	29	2	120	9	9	14	1	4	6	23	2	19	7	10	0	276	7	55	22	171	11	172	4	6	0	13	3	27	11	24	24	0	52	0	201	5	9	2	1	14	0	72	13	11	1	6	7	4	0	70	34	7	4	95	3	0	72	11	4	4	109	54	3	3	8	3	9	46	9	1132	2	7	8	3	9	90	3	18	62	51	9	6	0	55	65	2	0	12	116	11	33	2	22	12	332	43	9	1	29	16	4	1	87	11	83	28	157	30	29	21	6	0	13	7	5	7	14	5	1	0	8	97	45	1	27	20	0	2	0	0	55	28	4	3	0	53	61	128	5	14	10	10	21	3	1	1	50	3	46	63	2	30	5	4	44	21	1	128	0	483	8	0	5	6	38	5	18	0	0	0	3	1738	2	12	0	0	285	23	19	11	0	28	97	1	1977	4	63	19	17	11	10	0	3	91	4	232	5	580	3	44	0	35	717	2	7	270	18	4	3	129	179	11	14	1335	12	1	6	161	4	0	25	1	16	3	23	16	0	14	5	18	31	1926	44	4	12	3	661	8	4	2	8	26	6	1	0	12	393	0	2	5	8	0	3	0	1	3	2	0	8	50	2	12	1	10	16	12	12	81	0	1	46	51	1	5	11	19	6	63	50	36	25	5	24	95	27	8	0	83	1	199	4	1	15	17	238	3	2	9	5	2	38	136	30	18	87	360	2673	3	3	31	227	1	46	128	37	0	787	7	11	14	16	0	2	4	6	3	3	5	27	48	7	59	8	14	22	10	0	0	4	33	109	9	0	10	3	12	15	183	3	9	20	132	40	83	1	2	2688	206	2	20	7	12	5	6	1	1	0	7	45	6	11	42	21	0	5	1	2	12	11	86	33	3	3	346	2	36	32	18	22	18	241	51	37	8	21
chrX	8	56	22	6	140	36	63	193	69	122	15	42	49	201	6	604	26	34	96	137	12	9	837	833	5	72	5	100	13	74	46	869	731	19	5	3	77	90	38	30	8	157	10	4	20	106	4	998	330	114	78	8405	22	46	54	53	122	126	29	108	71	1336	2	13	31	40	4	8	139	78	7	4	434	76	44	22	1210	26	6	141	350	130	156	3	162	3	21	86	259	1280	914	6	3954	97	289	26	172	75	448	35	421	70	1746	26	147	21	13	84	3	45	56	35	3171	58	63	3	21	6	561	62	26	68	19	5	18	14	635	38	24	32	0	14	1187	44	20	33	41	15	189	12	54	22	29	40	36	48	25	33	85	1073	22	17	105	139	13	2	60	266	30	8	3	354	153	108	373	290	63	49	1976	28	49	63	3	11	34	48	98	39	13	32	72	11	62	530	46	197	56	188	32	112	129	525	26	29	15	260	436	122	8	160	31	7	28	10	84	681	4	106	53	24	27	13	40	8	1174	6	57	18	12	31	1828	41	14	74	11	48	165	316	7	11	177	948	44	162	243	8	7	17	6	20	30	9	14	33	11	25	15	36	447	190	12	127	115	21	24	6	37	34	140	890	33	248	97	161	46	2	180	11	545	52	23	1510	17	44	8	61	3	204	10	11	413	34	72	7	38	86	172	630	1245	6	28	44	46	98	619	131	898	12	23	1141	6	13	37	75	334	3	35	38	19	33	27	3	64	18	28	301	48	36	527	208	960	29	27	64	19	147	437	85	70	63	199	22	17	29	149	44	82	10	16	67	10	24	54	4	17	20	40	19	202	64	9	153	7242	147	23	35	1751	87	0	6	34	6	21	72	79	12	90	113	42	140	15	25	601	161	71	4280	775	380	174	67	18	153	25	4	3	543	158	24	35	80	28	4	584	526	224	49	34	8	173	39	1080	219	73	86	1363	252	33	91	42	812	275	15	63	52	6	63	745	16	299	1286	134	7	5266	45	18	6	10	27	31	264	46	849	51	3353	14	37	157	8	17	16	319	5	24	16	13	134	1036	47	584	182	41	4771	102	87	34	71	26	414	31	135	223	36	197	10	42	32	59	54	15	39	38	30	440	9	7	60	15	17	5	9	52	41	143	322	4	3742	31	12	49	96	416	29	40	18	3	189	19	49	4	242	10	85	16	69	64	202	57	39	179	62	8	365	20	18	53	893	23	80	13	1335	65	91	14	114	464	15	12	27	22	148	1002	111	24	16	772	7	53	6	61	22	160	1042	811	341	13	0	40	6	46	416	26	12	229	8	45	9	379	116	28	11	7	39	66	102	11	202	13	34	10	1247	30	233	31	427	54	793	2	98	40	133	12	94	50	110	57	3	1590	6	863	46	14	33	3	68	25	488	17	56	9	4	29	25	11	875	221	45	36	849	11	1	494	89	11	23	550	265	4	23	139	35	6	216	43	2102	23	3	61	4	72	304	29	23	58	166	4	64	9	142	215	15	19	50	383	129	691	2	23	13	990	230	22	71	84	68	22	13	230	104	425	97	281	106	94	170	42	3	52	80	12	13	40	72	13	6	48	368	135	29	165	40	7	32	5	0	248	110	56	20	12	237	201	424	1	39	182	30	282	18	28	13	108	26	148	186	10	353	107	24	98	236	66	587	10	886	63	9	8	83	316	41	63	17	20	8	32	4064	4	18	2	45	1219	96	65	42	12	90	853	83	4229	1	311	49	50	47	26	5	75	543	99	1301	55	2196	40	478	9	421	1268	4	9	859	20	8	8	305	777	134	45	2643	18	31	72	492	46	10	59	2	99	11	52	57	41	31	17	42	117	6787	179	19	40	34	3183	23	87	92	10	38	34	28	7	17	1825	13	19	38	28	1	6	4	10	38	59	4	56	225	20	11	7	130	253	49	129	446	25	46	227	132	31	19	15	90	35	117	127	156	85	12	52	341	74	62	9	644	20	1377	14	8	6	99	1080	14	33	45	21	13	458	661	88	289	507	1604	7118	4	18	76	907	6	202	399	245	2	2825	42	36	17	33	10	20	6	102	68	4	11	91	155	33	137	60	33	170	105	9	30	8	106	663	64	17	13	19	9	256	517	22	20	101	483	167	316	17	21	4735	354	8	59	52	136	26	8	14	11	13	52	128	22	26	266	366	1	85	9	5	15	81	434	116	79	26	409	15	139	62	58	191	32	404	156	661	23	109
chrY	0	5	35	0	15	5	1	12	2	44	6	10	29	13	0	47	1	26	0	8	1	2	74	129	0	5	16	4	0	2	8	53	118	6	0	6	43	39	0	3	1	40	0	10	7	55	1	43	73	15	8	381	0	8	12	4	43	68	3	1	31	117	3	6	1	3	0	17	16	10	3	0	110	2	1	4	103	0	0	10	52	3	12	0	2	0	0	17	11	145	82	36	1023	4	27	6	74	5	16	12	106	8	60	8	30	1	2	2	0	42	7	1	736	5	20	2	0	0	52	4	9	28	0	1	33	1	59	1	17	0	17	2	263	0	0	4	8	1	10	9	2	19	15	4	1	2	13	2	7	144	8	1	3	24	0	6	12	33	11	0	0	30	10	28	55	49	8	1	313	0	0	5	0	0	28	5	0	4	3	0	15	1	0	42	0	27	180	18	8	1	61	32	5	11	3	199	30	2	0	10	13	1	16	4	3	56	0	1	2	35	0	0	3	0	251	0	12	2	15	4	109	6	7	1	13	3	14	51	3	11	9	54	2	5	46	0	3	6	1	13	5	0	0	27	6	11	7	2	21	3	0	26	263	0	3	0	117	2	23	140	6	16	14	10	11	0	8	47	6	4	0	316	10	10	5	3	0	41	0	1	56	5	0	3	0	9	37	129	179	0	2	21	4	33	122	20	140	1	1	66	3	0	4	19	42	0	4	0	2	9	5	2	29	56	4	86	8	4	56	19	252	2	21	12	1	39	6	3	8	13	25	9	12	11	8	14	13	3	0	24	4	4	25	1	2	0	28	0	8	11	6	51	412	15	4	2	412	2	4	3	5	2	0	12	9	0	8	0	2	66	2	10	120	2	16	754	159	27	30	44	4	5	14	0	2	36	10	4	7	7	0	0	36	100	21	12	1	1	69	0	143	11	3	2	256	5	13	1	26	133	44	4	4	15	9	29	144	2	52	345	22	34	865	15	12	1	0	4	4	17	0	140	19	674	1	6	51	2	0	0	43	2	1	31	0	8	204	0	69	51	5	904	5	26	1	22	0	37	5	1	92	1	11	0	2	0	2	56	60	7	35	5	19	0	0	5	0	0	4	5	13	0	5	56	2	143	68	1	11	1	53	10	9	0	0	24	8	4	0	81	4	11	24	3	5	15	5	2	8	74	0	33	3	6	27	72	3	18	0	137	1	9	7	41	41	1	7	5	7	3	126	38	1	3	195	2	5	1	1	0	25	201	50	15	7	1	17	1	1	48	0	1	72	0	16	15	41	6	4	3	0	36	26	2	3	4	27	1	0	128	1	8	11	27	3	66	0	22	81	4	2	22	24	7	12	1	220	3	236	9	0	0	3	5	0	28	0	9	1	21	0	3	4	154	34	17	4	168	13	2	17	4	1	0	90	63	8	1	36	0	6	9	1	383	4	0	5	1	37	22	25	1	2	9	10	11	1	14	29	26	33	13	43	10	112	0	1	10	280	15	3	1	4	2	0	7	38	37	41	10	82	4	8	78	6	0	48	5	3	0	6	11	3	0	10	21	9	0	19	13	1	1	0	0	27	10	2	11	7	30	73	32	2	1	23	18	44	21	0	2	6	1	5	17	0	112	4	1	8	28	8	85	5	245	4	0	5	1	65	52	2	45	8	1	10	163	2	21	5	8	286	11	1	5	1	14	96	48	257	0	14	3	6	2	8	0	2	63	16	98	25	252	4	138	21	76	341	0	1	85	5	3	6	124	51	6	2	478	7	8	17	86	3	22	2	0	5	0	2	0	27	10	0	12	23	283	13	0	1	10	287	2	9	21	4	0	1	1	20	3	132	0	1	5	1	4	6	0	3	8	14	40	2	27	2	29	2	1	1	10	43	40	1	20	46	18	1	0	0	3	2	6	4	6	28	1	2	14	6	0	1	95	1	182	1	3	2	8	198	11	0	2	3	8	71	70	0	39	37	111	369	0	5	0	63	3	35	21	43	0	336	4	8	1	8	0	0	0	14	7	2	20	6	46	1	20	4	6	24	11	11	4	3	11	56	0	10	1	5	0	70	54	4	5	5	20	31	27	2	28	1045	104	7	15	0	3	1	5	8	31	1	3	19	0	2	4	77	0	6	0	8	4	12	36	32	11	6	21	4	3	25	13	16	0	18	11	108	2	13
